solid joint
facet normal 0.000000 0.000000 -1.000000
  outer loop
    vertex 0.000000 -12.000000 -8.000000
    vertex 3.314755 -11.243429 -8.000000
    vertex 3.400000 -12.000000 -8.000000
  endloop
endfacet
facet normal 0.000000 0.000000 1.000000
  outer loop
    vertex 0.000000 -12.000000 8.000000
    vertex 3.400000 -12.000000 8.000000
    vertex 3.314755 -11.243429 8.000000
  endloop
endfacet
facet normal 0.993712 0.111964 0.000000
  outer loop
    vertex 3.400000 -12.000000 -8.000000
    vertex 3.314755 -11.243429 -8.000000
    vertex 3.314755 -11.243429 8.000000
  endloop
endfacet
facet normal 0.993712 0.111964 -0.000000
  outer loop
    vertex 3.400000 -12.000000 -8.000000
    vertex 3.314755 -11.243429 8.000000
    vertex 3.400000 -12.000000 8.000000
  endloop
endfacet
facet normal 0.000000 0.000000 -1.000000
  outer loop
    vertex 0.000000 -12.000000 -8.000000
    vertex 3.063294 -10.524795 -8.000000
    vertex 3.314755 -11.243429 -8.000000
  endloop
endfacet
facet normal 0.000000 0.000000 1.000000
  outer loop
    vertex 0.000000 -12.000000 8.000000
    vertex 3.314755 -11.243429 8.000000
    vertex 3.063294 -10.524795 8.000000
  endloop
endfacet
facet normal 0.943883 0.330279 0.000000
  outer loop
    vertex 3.314755 -11.243429 -8.000000
    vertex 3.063294 -10.524795 -8.000000
    vertex 3.063294 -10.524795 8.000000
  endloop
endfacet
facet normal 0.943883 0.330279 -0.000000
  outer loop
    vertex 3.314755 -11.243429 -8.000000
    vertex 3.063294 -10.524795 8.000000
    vertex 3.314755 -11.243429 8.000000
  endloop
endfacet
facet normal 0.000000 0.000000 -1.000000
  outer loop
    vertex 0.000000 -12.000000 -8.000000
    vertex 2.658227 -9.880135 -8.000000
    vertex 3.063294 -10.524795 -8.000000
  endloop
endfacet
facet normal 0.000000 0.000000 1.000000
  outer loop
    vertex 0.000000 -12.000000 8.000000
    vertex 3.063294 -10.524795 8.000000
    vertex 2.658227 -9.880135 8.000000
  endloop
endfacet
facet normal 0.846724 0.532032 0.000000
  outer loop
    vertex 3.063294 -10.524795 -8.000000
    vertex 2.658227 -9.880135 -8.000000
    vertex 2.658227 -9.880135 8.000000
  endloop
endfacet
facet normal 0.846724 0.532032 -0.000000
  outer loop
    vertex 3.063294 -10.524795 -8.000000
    vertex 2.658227 -9.880135 8.000000
    vertex 3.063294 -10.524795 8.000000
  endloop
endfacet
facet normal 0.000000 0.000000 -1.000000
  outer loop
    vertex 0.000000 -12.000000 -8.000000
    vertex 2.119865 -9.341773 -8.000000
    vertex 2.658227 -9.880135 -8.000000
  endloop
endfacet
facet normal 0.000000 0.000000 1.000000
  outer loop
    vertex 0.000000 -12.000000 8.000000
    vertex 2.658227 -9.880135 8.000000
    vertex 2.119865 -9.341773 8.000000
  endloop
endfacet
facet normal 0.707107 0.707107 0.000000
  outer loop
    vertex 2.658227 -9.880135 -8.000000
    vertex 2.119865 -9.341773 -8.000000
    vertex 2.119865 -9.341773 8.000000
  endloop
endfacet
facet normal 0.707107 0.707107 -0.000000
  outer loop
    vertex 2.658227 -9.880135 -8.000000
    vertex 2.119865 -9.341773 8.000000
    vertex 2.658227 -9.880135 8.000000
  endloop
endfacet
facet normal 0.000000 0.000000 -1.000000
  outer loop
    vertex 0.000000 -12.000000 -8.000000
    vertex 1.475205 -8.936706 -8.000000
    vertex 2.119865 -9.341773 -8.000000
  endloop
endfacet
facet normal 0.000000 0.000000 1.000000
  outer loop
    vertex 0.000000 -12.000000 8.000000
    vertex 2.119865 -9.341773 8.000000
    vertex 1.475205 -8.936706 8.000000
  endloop
endfacet
facet normal 0.532032 0.846724 0.000000
  outer loop
    vertex 2.119865 -9.341773 -8.000000
    vertex 1.475205 -8.936706 -8.000000
    vertex 1.475205 -8.936706 8.000000
  endloop
endfacet
facet normal 0.532032 0.846724 -0.000000
  outer loop
    vertex 2.119865 -9.341773 -8.000000
    vertex 1.475205 -8.936706 8.000000
    vertex 2.119865 -9.341773 8.000000
  endloop
endfacet
facet normal 0.000000 0.000000 -1.000000
  outer loop
    vertex 0.000000 -12.000000 -8.000000
    vertex 0.756571 -8.685245 -8.000000
    vertex 1.475205 -8.936706 -8.000000
  endloop
endfacet
facet normal 0.000000 0.000000 1.000000
  outer loop
    vertex 0.000000 -12.000000 8.000000
    vertex 1.475205 -8.936706 8.000000
    vertex 0.756571 -8.685245 8.000000
  endloop
endfacet
facet normal 0.330279 0.943883 0.000000
  outer loop
    vertex 1.475205 -8.936706 -8.000000
    vertex 0.756571 -8.685245 -8.000000
    vertex 0.756571 -8.685245 8.000000
  endloop
endfacet
facet normal 0.330279 0.943883 -0.000000
  outer loop
    vertex 1.475205 -8.936706 -8.000000
    vertex 0.756571 -8.685245 8.000000
    vertex 1.475205 -8.936706 8.000000
  endloop
endfacet
facet normal 0.000000 0.000000 -1.000000
  outer loop
    vertex 0.000000 -12.000000 -8.000000
    vertex 0.000000 -8.600000 -8.000000
    vertex 0.756571 -8.685245 -8.000000
  endloop
endfacet
facet normal 0.000000 0.000000 1.000000
  outer loop
    vertex 0.000000 -12.000000 8.000000
    vertex 0.756571 -8.685245 8.000000
    vertex 0.000000 -8.600000 8.000000
  endloop
endfacet
facet normal 0.111964 0.993712 0.000000
  outer loop
    vertex 0.756571 -8.685245 -8.000000
    vertex 0.000000 -8.600000 -8.000000
    vertex 0.000000 -8.600000 8.000000
  endloop
endfacet
facet normal 0.111964 0.993712 -0.000000
  outer loop
    vertex 0.756571 -8.685245 -8.000000
    vertex 0.000000 -8.600000 8.000000
    vertex 0.756571 -8.685245 8.000000
  endloop
endfacet
facet normal 0.000000 0.000000 -1.000000
  outer loop
    vertex 0.000000 -12.000000 -8.000000
    vertex -0.756571 -8.685245 -8.000000
    vertex 0.000000 -8.600000 -8.000000
  endloop
endfacet
facet normal 0.000000 -0.000000 1.000000
  outer loop
    vertex 0.000000 -12.000000 8.000000
    vertex 0.000000 -8.600000 8.000000
    vertex -0.756571 -8.685245 8.000000
  endloop
endfacet
facet normal -0.111964 0.993712 0.000000
  outer loop
    vertex 0.000000 -8.600000 -8.000000
    vertex -0.756571 -8.685245 -8.000000
    vertex -0.756571 -8.685245 8.000000
  endloop
endfacet
facet normal -0.111964 0.993712 0.000000
  outer loop
    vertex 0.000000 -8.600000 -8.000000
    vertex -0.756571 -8.685245 8.000000
    vertex 0.000000 -8.600000 8.000000
  endloop
endfacet
facet normal 0.000000 0.000000 -1.000000
  outer loop
    vertex 0.000000 -12.000000 -8.000000
    vertex -1.475205 -8.936706 -8.000000
    vertex -0.756571 -8.685245 -8.000000
  endloop
endfacet
facet normal 0.000000 0.000000 1.000000
  outer loop
    vertex 0.000000 -12.000000 8.000000
    vertex -0.756571 -8.685245 8.000000
    vertex -1.475205 -8.936706 8.000000
  endloop
endfacet
facet normal -0.330279 0.943883 0.000000
  outer loop
    vertex -0.756571 -8.685245 -8.000000
    vertex -1.475205 -8.936706 -8.000000
    vertex -1.475205 -8.936706 8.000000
  endloop
endfacet
facet normal -0.330279 0.943883 0.000000
  outer loop
    vertex -0.756571 -8.685245 -8.000000
    vertex -1.475205 -8.936706 8.000000
    vertex -0.756571 -8.685245 8.000000
  endloop
endfacet
facet normal 0.000000 0.000000 -1.000000
  outer loop
    vertex 0.000000 -12.000000 -8.000000
    vertex -2.119865 -9.341773 -8.000000
    vertex -1.475205 -8.936706 -8.000000
  endloop
endfacet
facet normal 0.000000 0.000000 1.000000
  outer loop
    vertex 0.000000 -12.000000 8.000000
    vertex -1.475205 -8.936706 8.000000
    vertex -2.119865 -9.341773 8.000000
  endloop
endfacet
facet normal -0.532032 0.846724 0.000000
  outer loop
    vertex -1.475205 -8.936706 -8.000000
    vertex -2.119865 -9.341773 -8.000000
    vertex -2.119865 -9.341773 8.000000
  endloop
endfacet
facet normal -0.532032 0.846724 0.000000
  outer loop
    vertex -1.475205 -8.936706 -8.000000
    vertex -2.119865 -9.341773 8.000000
    vertex -1.475205 -8.936706 8.000000
  endloop
endfacet
facet normal 0.000000 0.000000 -1.000000
  outer loop
    vertex 0.000000 -12.000000 -8.000000
    vertex -2.658227 -9.880135 -8.000000
    vertex -2.119865 -9.341773 -8.000000
  endloop
endfacet
facet normal 0.000000 0.000000 1.000000
  outer loop
    vertex 0.000000 -12.000000 8.000000
    vertex -2.119865 -9.341773 8.000000
    vertex -2.658227 -9.880135 8.000000
  endloop
endfacet
facet normal -0.707107 0.707107 0.000000
  outer loop
    vertex -2.119865 -9.341773 -8.000000
    vertex -2.658227 -9.880135 -8.000000
    vertex -2.658227 -9.880135 8.000000
  endloop
endfacet
facet normal -0.707107 0.707107 0.000000
  outer loop
    vertex -2.119865 -9.341773 -8.000000
    vertex -2.658227 -9.880135 8.000000
    vertex -2.119865 -9.341773 8.000000
  endloop
endfacet
facet normal 0.000000 0.000000 -1.000000
  outer loop
    vertex 0.000000 -12.000000 -8.000000
    vertex -3.063294 -10.524795 -8.000000
    vertex -2.658227 -9.880135 -8.000000
  endloop
endfacet
facet normal 0.000000 0.000000 1.000000
  outer loop
    vertex 0.000000 -12.000000 8.000000
    vertex -2.658227 -9.880135 8.000000
    vertex -3.063294 -10.524795 8.000000
  endloop
endfacet
facet normal -0.846724 0.532032 0.000000
  outer loop
    vertex -2.658227 -9.880135 -8.000000
    vertex -3.063294 -10.524795 -8.000000
    vertex -3.063294 -10.524795 8.000000
  endloop
endfacet
facet normal -0.846724 0.532032 0.000000
  outer loop
    vertex -2.658227 -9.880135 -8.000000
    vertex -3.063294 -10.524795 8.000000
    vertex -2.658227 -9.880135 8.000000
  endloop
endfacet
facet normal 0.000000 0.000000 -1.000000
  outer loop
    vertex 0.000000 -12.000000 -8.000000
    vertex -3.314755 -11.243429 -8.000000
    vertex -3.063294 -10.524795 -8.000000
  endloop
endfacet
facet normal 0.000000 0.000000 1.000000
  outer loop
    vertex 0.000000 -12.000000 8.000000
    vertex -3.063294 -10.524795 8.000000
    vertex -3.314755 -11.243429 8.000000
  endloop
endfacet
facet normal -0.943883 0.330279 0.000000
  outer loop
    vertex -3.063294 -10.524795 -8.000000
    vertex -3.314755 -11.243429 -8.000000
    vertex -3.314755 -11.243429 8.000000
  endloop
endfacet
facet normal -0.943883 0.330279 0.000000
  outer loop
    vertex -3.063294 -10.524795 -8.000000
    vertex -3.314755 -11.243429 8.000000
    vertex -3.063294 -10.524795 8.000000
  endloop
endfacet
facet normal 0.000000 0.000000 -1.000000
  outer loop
    vertex 0.000000 -12.000000 -8.000000
    vertex -3.400000 -12.000000 -8.000000
    vertex -3.314755 -11.243429 -8.000000
  endloop
endfacet
facet normal 0.000000 0.000000 1.000000
  outer loop
    vertex 0.000000 -12.000000 8.000000
    vertex -3.314755 -11.243429 8.000000
    vertex -3.400000 -12.000000 8.000000
  endloop
endfacet
facet normal -0.993712 0.111964 0.000000
  outer loop
    vertex -3.314755 -11.243429 -8.000000
    vertex -3.400000 -12.000000 -8.000000
    vertex -3.400000 -12.000000 8.000000
  endloop
endfacet
facet normal -0.993712 0.111964 0.000000
  outer loop
    vertex -3.314755 -11.243429 -8.000000
    vertex -3.400000 -12.000000 8.000000
    vertex -3.314755 -11.243429 8.000000
  endloop
endfacet
facet normal -0.000000 0.000000 -1.000000
  outer loop
    vertex 0.000000 -12.000000 -8.000000
    vertex -3.314755 -12.756571 -8.000000
    vertex -3.400000 -12.000000 -8.000000
  endloop
endfacet
facet normal 0.000000 0.000000 1.000000
  outer loop
    vertex 0.000000 -12.000000 8.000000
    vertex -3.400000 -12.000000 8.000000
    vertex -3.314755 -12.756571 8.000000
  endloop
endfacet
facet normal -0.993712 -0.111964 0.000000
  outer loop
    vertex -3.400000 -12.000000 -8.000000
    vertex -3.314755 -12.756571 -8.000000
    vertex -3.314755 -12.756571 8.000000
  endloop
endfacet
facet normal -0.993712 -0.111964 0.000000
  outer loop
    vertex -3.400000 -12.000000 -8.000000
    vertex -3.314755 -12.756571 8.000000
    vertex -3.400000 -12.000000 8.000000
  endloop
endfacet
facet normal 0.000000 0.000000 -1.000000
  outer loop
    vertex 0.000000 -12.000000 -8.000000
    vertex -3.063294 -13.475205 -8.000000
    vertex -3.314755 -12.756571 -8.000000
  endloop
endfacet
facet normal 0.000000 0.000000 1.000000
  outer loop
    vertex 0.000000 -12.000000 8.000000
    vertex -3.314755 -12.756571 8.000000
    vertex -3.063294 -13.475205 8.000000
  endloop
endfacet
facet normal -0.943883 -0.330279 0.000000
  outer loop
    vertex -3.314755 -12.756571 -8.000000
    vertex -3.063294 -13.475205 -8.000000
    vertex -3.063294 -13.475205 8.000000
  endloop
endfacet
facet normal -0.943883 -0.330279 0.000000
  outer loop
    vertex -3.314755 -12.756571 -8.000000
    vertex -3.063294 -13.475205 8.000000
    vertex -3.314755 -12.756571 8.000000
  endloop
endfacet
facet normal 0.000000 0.000000 -1.000000
  outer loop
    vertex 0.000000 -12.000000 -8.000000
    vertex -2.658227 -14.119865 -8.000000
    vertex -3.063294 -13.475205 -8.000000
  endloop
endfacet
facet normal 0.000000 0.000000 1.000000
  outer loop
    vertex 0.000000 -12.000000 8.000000
    vertex -3.063294 -13.475205 8.000000
    vertex -2.658227 -14.119865 8.000000
  endloop
endfacet
facet normal -0.846724 -0.532032 0.000000
  outer loop
    vertex -3.063294 -13.475205 -8.000000
    vertex -2.658227 -14.119865 -8.000000
    vertex -2.658227 -14.119865 8.000000
  endloop
endfacet
facet normal -0.846724 -0.532032 0.000000
  outer loop
    vertex -3.063294 -13.475205 -8.000000
    vertex -2.658227 -14.119865 8.000000
    vertex -3.063294 -13.475205 8.000000
  endloop
endfacet
facet normal 0.000000 0.000000 -1.000000
  outer loop
    vertex 0.000000 -12.000000 -8.000000
    vertex -2.119865 -14.658227 -8.000000
    vertex -2.658227 -14.119865 -8.000000
  endloop
endfacet
facet normal 0.000000 0.000000 1.000000
  outer loop
    vertex 0.000000 -12.000000 8.000000
    vertex -2.658227 -14.119865 8.000000
    vertex -2.119865 -14.658227 8.000000
  endloop
endfacet
facet normal -0.707107 -0.707107 0.000000
  outer loop
    vertex -2.658227 -14.119865 -8.000000
    vertex -2.119865 -14.658227 -8.000000
    vertex -2.119865 -14.658227 8.000000
  endloop
endfacet
facet normal -0.707107 -0.707107 0.000000
  outer loop
    vertex -2.658227 -14.119865 -8.000000
    vertex -2.119865 -14.658227 8.000000
    vertex -2.658227 -14.119865 8.000000
  endloop
endfacet
facet normal 0.000000 0.000000 -1.000000
  outer loop
    vertex 0.000000 -12.000000 -8.000000
    vertex -1.475205 -15.063294 -8.000000
    vertex -2.119865 -14.658227 -8.000000
  endloop
endfacet
facet normal 0.000000 0.000000 1.000000
  outer loop
    vertex 0.000000 -12.000000 8.000000
    vertex -2.119865 -14.658227 8.000000
    vertex -1.475205 -15.063294 8.000000
  endloop
endfacet
facet normal -0.532032 -0.846724 0.000000
  outer loop
    vertex -2.119865 -14.658227 -8.000000
    vertex -1.475205 -15.063294 -8.000000
    vertex -1.475205 -15.063294 8.000000
  endloop
endfacet
facet normal -0.532032 -0.846724 0.000000
  outer loop
    vertex -2.119865 -14.658227 -8.000000
    vertex -1.475205 -15.063294 8.000000
    vertex -2.119865 -14.658227 8.000000
  endloop
endfacet
facet normal 0.000000 0.000000 -1.000000
  outer loop
    vertex 0.000000 -12.000000 -8.000000
    vertex -0.756571 -15.314755 -8.000000
    vertex -1.475205 -15.063294 -8.000000
  endloop
endfacet
facet normal 0.000000 0.000000 1.000000
  outer loop
    vertex 0.000000 -12.000000 8.000000
    vertex -1.475205 -15.063294 8.000000
    vertex -0.756571 -15.314755 8.000000
  endloop
endfacet
facet normal -0.330279 -0.943883 0.000000
  outer loop
    vertex -1.475205 -15.063294 -8.000000
    vertex -0.756571 -15.314755 -8.000000
    vertex -0.756571 -15.314755 8.000000
  endloop
endfacet
facet normal -0.330279 -0.943883 0.000000
  outer loop
    vertex -1.475205 -15.063294 -8.000000
    vertex -0.756571 -15.314755 8.000000
    vertex -1.475205 -15.063294 8.000000
  endloop
endfacet
facet normal 0.000000 0.000000 -1.000000
  outer loop
    vertex 0.000000 -12.000000 -8.000000
    vertex -0.000000 -15.400000 -8.000000
    vertex -0.756571 -15.314755 -8.000000
  endloop
endfacet
facet normal 0.000000 0.000000 1.000000
  outer loop
    vertex 0.000000 -12.000000 8.000000
    vertex -0.756571 -15.314755 8.000000
    vertex -0.000000 -15.400000 8.000000
  endloop
endfacet
facet normal -0.111964 -0.993712 0.000000
  outer loop
    vertex -0.756571 -15.314755 -8.000000
    vertex -0.000000 -15.400000 -8.000000
    vertex -0.000000 -15.400000 8.000000
  endloop
endfacet
facet normal -0.111964 -0.993712 0.000000
  outer loop
    vertex -0.756571 -15.314755 -8.000000
    vertex -0.000000 -15.400000 8.000000
    vertex -0.756571 -15.314755 8.000000
  endloop
endfacet
facet normal 0.000000 -0.000000 -1.000000
  outer loop
    vertex 0.000000 -12.000000 -8.000000
    vertex 0.756571 -15.314755 -8.000000
    vertex -0.000000 -15.400000 -8.000000
  endloop
endfacet
facet normal 0.000000 0.000000 1.000000
  outer loop
    vertex 0.000000 -12.000000 8.000000
    vertex -0.000000 -15.400000 8.000000
    vertex 0.756571 -15.314755 8.000000
  endloop
endfacet
facet normal 0.111964 -0.993712 0.000000
  outer loop
    vertex -0.000000 -15.400000 -8.000000
    vertex 0.756571 -15.314755 -8.000000
    vertex 0.756571 -15.314755 8.000000
  endloop
endfacet
facet normal 0.111964 -0.993712 0.000000
  outer loop
    vertex -0.000000 -15.400000 -8.000000
    vertex 0.756571 -15.314755 8.000000
    vertex -0.000000 -15.400000 8.000000
  endloop
endfacet
facet normal 0.000000 0.000000 -1.000000
  outer loop
    vertex 0.000000 -12.000000 -8.000000
    vertex 1.475205 -15.063294 -8.000000
    vertex 0.756571 -15.314755 -8.000000
  endloop
endfacet
facet normal 0.000000 0.000000 1.000000
  outer loop
    vertex 0.000000 -12.000000 8.000000
    vertex 0.756571 -15.314755 8.000000
    vertex 1.475205 -15.063294 8.000000
  endloop
endfacet
facet normal 0.330279 -0.943883 0.000000
  outer loop
    vertex 0.756571 -15.314755 -8.000000
    vertex 1.475205 -15.063294 -8.000000
    vertex 1.475205 -15.063294 8.000000
  endloop
endfacet
facet normal 0.330279 -0.943883 0.000000
  outer loop
    vertex 0.756571 -15.314755 -8.000000
    vertex 1.475205 -15.063294 8.000000
    vertex 0.756571 -15.314755 8.000000
  endloop
endfacet
facet normal 0.000000 0.000000 -1.000000
  outer loop
    vertex 0.000000 -12.000000 -8.000000
    vertex 2.119865 -14.658227 -8.000000
    vertex 1.475205 -15.063294 -8.000000
  endloop
endfacet
facet normal 0.000000 0.000000 1.000000
  outer loop
    vertex 0.000000 -12.000000 8.000000
    vertex 1.475205 -15.063294 8.000000
    vertex 2.119865 -14.658227 8.000000
  endloop
endfacet
facet normal 0.532032 -0.846724 0.000000
  outer loop
    vertex 1.475205 -15.063294 -8.000000
    vertex 2.119865 -14.658227 -8.000000
    vertex 2.119865 -14.658227 8.000000
  endloop
endfacet
facet normal 0.532032 -0.846724 0.000000
  outer loop
    vertex 1.475205 -15.063294 -8.000000
    vertex 2.119865 -14.658227 8.000000
    vertex 1.475205 -15.063294 8.000000
  endloop
endfacet
facet normal 0.000000 0.000000 -1.000000
  outer loop
    vertex 0.000000 -12.000000 -8.000000
    vertex 2.658227 -14.119865 -8.000000
    vertex 2.119865 -14.658227 -8.000000
  endloop
endfacet
facet normal 0.000000 0.000000 1.000000
  outer loop
    vertex 0.000000 -12.000000 8.000000
    vertex 2.119865 -14.658227 8.000000
    vertex 2.658227 -14.119865 8.000000
  endloop
endfacet
facet normal 0.707107 -0.707107 0.000000
  outer loop
    vertex 2.119865 -14.658227 -8.000000
    vertex 2.658227 -14.119865 -8.000000
    vertex 2.658227 -14.119865 8.000000
  endloop
endfacet
facet normal 0.707107 -0.707107 0.000000
  outer loop
    vertex 2.119865 -14.658227 -8.000000
    vertex 2.658227 -14.119865 8.000000
    vertex 2.119865 -14.658227 8.000000
  endloop
endfacet
facet normal 0.000000 0.000000 -1.000000
  outer loop
    vertex 0.000000 -12.000000 -8.000000
    vertex 3.063294 -13.475205 -8.000000
    vertex 2.658227 -14.119865 -8.000000
  endloop
endfacet
facet normal 0.000000 0.000000 1.000000
  outer loop
    vertex 0.000000 -12.000000 8.000000
    vertex 2.658227 -14.119865 8.000000
    vertex 3.063294 -13.475205 8.000000
  endloop
endfacet
facet normal 0.846724 -0.532032 0.000000
  outer loop
    vertex 2.658227 -14.119865 -8.000000
    vertex 3.063294 -13.475205 -8.000000
    vertex 3.063294 -13.475205 8.000000
  endloop
endfacet
facet normal 0.846724 -0.532032 0.000000
  outer loop
    vertex 2.658227 -14.119865 -8.000000
    vertex 3.063294 -13.475205 8.000000
    vertex 2.658227 -14.119865 8.000000
  endloop
endfacet
facet normal 0.000000 0.000000 -1.000000
  outer loop
    vertex 0.000000 -12.000000 -8.000000
    vertex 3.314755 -12.756571 -8.000000
    vertex 3.063294 -13.475205 -8.000000
  endloop
endfacet
facet normal 0.000000 0.000000 1.000000
  outer loop
    vertex 0.000000 -12.000000 8.000000
    vertex 3.063294 -13.475205 8.000000
    vertex 3.314755 -12.756571 8.000000
  endloop
endfacet
facet normal 0.943883 -0.330279 0.000000
  outer loop
    vertex 3.063294 -13.475205 -8.000000
    vertex 3.314755 -12.756571 -8.000000
    vertex 3.314755 -12.756571 8.000000
  endloop
endfacet
facet normal 0.943883 -0.330279 0.000000
  outer loop
    vertex 3.063294 -13.475205 -8.000000
    vertex 3.314755 -12.756571 8.000000
    vertex 3.063294 -13.475205 8.000000
  endloop
endfacet
facet normal 0.000000 0.000000 -1.000000
  outer loop
    vertex 0.000000 -12.000000 -8.000000
    vertex 3.400000 -12.000000 -8.000000
    vertex 3.314755 -12.756571 -8.000000
  endloop
endfacet
facet normal -0.000000 0.000000 1.000000
  outer loop
    vertex 0.000000 -12.000000 8.000000
    vertex 3.314755 -12.756571 8.000000
    vertex 3.400000 -12.000000 8.000000
  endloop
endfacet
facet normal 0.993712 -0.111964 0.000000
  outer loop
    vertex 3.314755 -12.756571 -8.000000
    vertex 3.400000 -12.000000 -8.000000
    vertex 3.400000 -12.000000 8.000000
  endloop
endfacet
facet normal 0.993712 -0.111964 0.000000
  outer loop
    vertex 3.314755 -12.756571 -8.000000
    vertex 3.400000 -12.000000 8.000000
    vertex 3.314755 -12.756571 8.000000
  endloop
endfacet
facet normal 0.000000 0.000000 -1.000000
  outer loop
    vertex 0.000000 12.000000 -8.000000
    vertex 3.314755 12.756571 -8.000000
    vertex 3.400000 12.000000 -8.000000
  endloop
endfacet
facet normal 0.000000 0.000000 1.000000
  outer loop
    vertex 0.000000 12.000000 8.000000
    vertex 3.400000 12.000000 8.000000
    vertex 3.314755 12.756571 8.000000
  endloop
endfacet
facet normal 0.993712 0.111964 0.000000
  outer loop
    vertex 3.400000 12.000000 -8.000000
    vertex 3.314755 12.756571 -8.000000
    vertex 3.314755 12.756571 8.000000
  endloop
endfacet
facet normal 0.993712 0.111964 -0.000000
  outer loop
    vertex 3.400000 12.000000 -8.000000
    vertex 3.314755 12.756571 8.000000
    vertex 3.400000 12.000000 8.000000
  endloop
endfacet
facet normal 0.000000 0.000000 -1.000000
  outer loop
    vertex 0.000000 12.000000 -8.000000
    vertex 3.063294 13.475205 -8.000000
    vertex 3.314755 12.756571 -8.000000
  endloop
endfacet
facet normal 0.000000 0.000000 1.000000
  outer loop
    vertex 0.000000 12.000000 8.000000
    vertex 3.314755 12.756571 8.000000
    vertex 3.063294 13.475205 8.000000
  endloop
endfacet
facet normal 0.943883 0.330279 0.000000
  outer loop
    vertex 3.314755 12.756571 -8.000000
    vertex 3.063294 13.475205 -8.000000
    vertex 3.063294 13.475205 8.000000
  endloop
endfacet
facet normal 0.943883 0.330279 -0.000000
  outer loop
    vertex 3.314755 12.756571 -8.000000
    vertex 3.063294 13.475205 8.000000
    vertex 3.314755 12.756571 8.000000
  endloop
endfacet
facet normal 0.000000 0.000000 -1.000000
  outer loop
    vertex 0.000000 12.000000 -8.000000
    vertex 2.658227 14.119865 -8.000000
    vertex 3.063294 13.475205 -8.000000
  endloop
endfacet
facet normal 0.000000 0.000000 1.000000
  outer loop
    vertex 0.000000 12.000000 8.000000
    vertex 3.063294 13.475205 8.000000
    vertex 2.658227 14.119865 8.000000
  endloop
endfacet
facet normal 0.846724 0.532032 0.000000
  outer loop
    vertex 3.063294 13.475205 -8.000000
    vertex 2.658227 14.119865 -8.000000
    vertex 2.658227 14.119865 8.000000
  endloop
endfacet
facet normal 0.846724 0.532032 -0.000000
  outer loop
    vertex 3.063294 13.475205 -8.000000
    vertex 2.658227 14.119865 8.000000
    vertex 3.063294 13.475205 8.000000
  endloop
endfacet
facet normal 0.000000 0.000000 -1.000000
  outer loop
    vertex 0.000000 12.000000 -8.000000
    vertex 2.119865 14.658227 -8.000000
    vertex 2.658227 14.119865 -8.000000
  endloop
endfacet
facet normal 0.000000 0.000000 1.000000
  outer loop
    vertex 0.000000 12.000000 8.000000
    vertex 2.658227 14.119865 8.000000
    vertex 2.119865 14.658227 8.000000
  endloop
endfacet
facet normal 0.707107 0.707107 0.000000
  outer loop
    vertex 2.658227 14.119865 -8.000000
    vertex 2.119865 14.658227 -8.000000
    vertex 2.119865 14.658227 8.000000
  endloop
endfacet
facet normal 0.707107 0.707107 -0.000000
  outer loop
    vertex 2.658227 14.119865 -8.000000
    vertex 2.119865 14.658227 8.000000
    vertex 2.658227 14.119865 8.000000
  endloop
endfacet
facet normal 0.000000 0.000000 -1.000000
  outer loop
    vertex 0.000000 12.000000 -8.000000
    vertex 1.475205 15.063294 -8.000000
    vertex 2.119865 14.658227 -8.000000
  endloop
endfacet
facet normal 0.000000 0.000000 1.000000
  outer loop
    vertex 0.000000 12.000000 8.000000
    vertex 2.119865 14.658227 8.000000
    vertex 1.475205 15.063294 8.000000
  endloop
endfacet
facet normal 0.532032 0.846724 0.000000
  outer loop
    vertex 2.119865 14.658227 -8.000000
    vertex 1.475205 15.063294 -8.000000
    vertex 1.475205 15.063294 8.000000
  endloop
endfacet
facet normal 0.532032 0.846724 -0.000000
  outer loop
    vertex 2.119865 14.658227 -8.000000
    vertex 1.475205 15.063294 8.000000
    vertex 2.119865 14.658227 8.000000
  endloop
endfacet
facet normal 0.000000 0.000000 -1.000000
  outer loop
    vertex 0.000000 12.000000 -8.000000
    vertex 0.756571 15.314755 -8.000000
    vertex 1.475205 15.063294 -8.000000
  endloop
endfacet
facet normal 0.000000 0.000000 1.000000
  outer loop
    vertex 0.000000 12.000000 8.000000
    vertex 1.475205 15.063294 8.000000
    vertex 0.756571 15.314755 8.000000
  endloop
endfacet
facet normal 0.330279 0.943883 0.000000
  outer loop
    vertex 1.475205 15.063294 -8.000000
    vertex 0.756571 15.314755 -8.000000
    vertex 0.756571 15.314755 8.000000
  endloop
endfacet
facet normal 0.330279 0.943883 -0.000000
  outer loop
    vertex 1.475205 15.063294 -8.000000
    vertex 0.756571 15.314755 8.000000
    vertex 1.475205 15.063294 8.000000
  endloop
endfacet
facet normal 0.000000 0.000000 -1.000000
  outer loop
    vertex 0.000000 12.000000 -8.000000
    vertex 0.000000 15.400000 -8.000000
    vertex 0.756571 15.314755 -8.000000
  endloop
endfacet
facet normal 0.000000 0.000000 1.000000
  outer loop
    vertex 0.000000 12.000000 8.000000
    vertex 0.756571 15.314755 8.000000
    vertex 0.000000 15.400000 8.000000
  endloop
endfacet
facet normal 0.111964 0.993712 0.000000
  outer loop
    vertex 0.756571 15.314755 -8.000000
    vertex 0.000000 15.400000 -8.000000
    vertex 0.000000 15.400000 8.000000
  endloop
endfacet
facet normal 0.111964 0.993712 -0.000000
  outer loop
    vertex 0.756571 15.314755 -8.000000
    vertex 0.000000 15.400000 8.000000
    vertex 0.756571 15.314755 8.000000
  endloop
endfacet
facet normal 0.000000 0.000000 -1.000000
  outer loop
    vertex 0.000000 12.000000 -8.000000
    vertex -0.756571 15.314755 -8.000000
    vertex 0.000000 15.400000 -8.000000
  endloop
endfacet
facet normal 0.000000 -0.000000 1.000000
  outer loop
    vertex 0.000000 12.000000 8.000000
    vertex 0.000000 15.400000 8.000000
    vertex -0.756571 15.314755 8.000000
  endloop
endfacet
facet normal -0.111964 0.993712 0.000000
  outer loop
    vertex 0.000000 15.400000 -8.000000
    vertex -0.756571 15.314755 -8.000000
    vertex -0.756571 15.314755 8.000000
  endloop
endfacet
facet normal -0.111964 0.993712 0.000000
  outer loop
    vertex 0.000000 15.400000 -8.000000
    vertex -0.756571 15.314755 8.000000
    vertex 0.000000 15.400000 8.000000
  endloop
endfacet
facet normal 0.000000 0.000000 -1.000000
  outer loop
    vertex 0.000000 12.000000 -8.000000
    vertex -1.475205 15.063294 -8.000000
    vertex -0.756571 15.314755 -8.000000
  endloop
endfacet
facet normal 0.000000 0.000000 1.000000
  outer loop
    vertex 0.000000 12.000000 8.000000
    vertex -0.756571 15.314755 8.000000
    vertex -1.475205 15.063294 8.000000
  endloop
endfacet
facet normal -0.330279 0.943883 0.000000
  outer loop
    vertex -0.756571 15.314755 -8.000000
    vertex -1.475205 15.063294 -8.000000
    vertex -1.475205 15.063294 8.000000
  endloop
endfacet
facet normal -0.330279 0.943883 0.000000
  outer loop
    vertex -0.756571 15.314755 -8.000000
    vertex -1.475205 15.063294 8.000000
    vertex -0.756571 15.314755 8.000000
  endloop
endfacet
facet normal 0.000000 0.000000 -1.000000
  outer loop
    vertex 0.000000 12.000000 -8.000000
    vertex -2.119865 14.658227 -8.000000
    vertex -1.475205 15.063294 -8.000000
  endloop
endfacet
facet normal 0.000000 0.000000 1.000000
  outer loop
    vertex 0.000000 12.000000 8.000000
    vertex -1.475205 15.063294 8.000000
    vertex -2.119865 14.658227 8.000000
  endloop
endfacet
facet normal -0.532032 0.846724 0.000000
  outer loop
    vertex -1.475205 15.063294 -8.000000
    vertex -2.119865 14.658227 -8.000000
    vertex -2.119865 14.658227 8.000000
  endloop
endfacet
facet normal -0.532032 0.846724 0.000000
  outer loop
    vertex -1.475205 15.063294 -8.000000
    vertex -2.119865 14.658227 8.000000
    vertex -1.475205 15.063294 8.000000
  endloop
endfacet
facet normal 0.000000 0.000000 -1.000000
  outer loop
    vertex 0.000000 12.000000 -8.000000
    vertex -2.658227 14.119865 -8.000000
    vertex -2.119865 14.658227 -8.000000
  endloop
endfacet
facet normal 0.000000 0.000000 1.000000
  outer loop
    vertex 0.000000 12.000000 8.000000
    vertex -2.119865 14.658227 8.000000
    vertex -2.658227 14.119865 8.000000
  endloop
endfacet
facet normal -0.707107 0.707107 0.000000
  outer loop
    vertex -2.119865 14.658227 -8.000000
    vertex -2.658227 14.119865 -8.000000
    vertex -2.658227 14.119865 8.000000
  endloop
endfacet
facet normal -0.707107 0.707107 0.000000
  outer loop
    vertex -2.119865 14.658227 -8.000000
    vertex -2.658227 14.119865 8.000000
    vertex -2.119865 14.658227 8.000000
  endloop
endfacet
facet normal 0.000000 0.000000 -1.000000
  outer loop
    vertex 0.000000 12.000000 -8.000000
    vertex -3.063294 13.475205 -8.000000
    vertex -2.658227 14.119865 -8.000000
  endloop
endfacet
facet normal 0.000000 0.000000 1.000000
  outer loop
    vertex 0.000000 12.000000 8.000000
    vertex -2.658227 14.119865 8.000000
    vertex -3.063294 13.475205 8.000000
  endloop
endfacet
facet normal -0.846724 0.532032 0.000000
  outer loop
    vertex -2.658227 14.119865 -8.000000
    vertex -3.063294 13.475205 -8.000000
    vertex -3.063294 13.475205 8.000000
  endloop
endfacet
facet normal -0.846724 0.532032 0.000000
  outer loop
    vertex -2.658227 14.119865 -8.000000
    vertex -3.063294 13.475205 8.000000
    vertex -2.658227 14.119865 8.000000
  endloop
endfacet
facet normal 0.000000 0.000000 -1.000000
  outer loop
    vertex 0.000000 12.000000 -8.000000
    vertex -3.314755 12.756571 -8.000000
    vertex -3.063294 13.475205 -8.000000
  endloop
endfacet
facet normal 0.000000 0.000000 1.000000
  outer loop
    vertex 0.000000 12.000000 8.000000
    vertex -3.063294 13.475205 8.000000
    vertex -3.314755 12.756571 8.000000
  endloop
endfacet
facet normal -0.943883 0.330279 0.000000
  outer loop
    vertex -3.063294 13.475205 -8.000000
    vertex -3.314755 12.756571 -8.000000
    vertex -3.314755 12.756571 8.000000
  endloop
endfacet
facet normal -0.943883 0.330279 0.000000
  outer loop
    vertex -3.063294 13.475205 -8.000000
    vertex -3.314755 12.756571 8.000000
    vertex -3.063294 13.475205 8.000000
  endloop
endfacet
facet normal 0.000000 0.000000 -1.000000
  outer loop
    vertex 0.000000 12.000000 -8.000000
    vertex -3.400000 12.000000 -8.000000
    vertex -3.314755 12.756571 -8.000000
  endloop
endfacet
facet normal 0.000000 0.000000 1.000000
  outer loop
    vertex 0.000000 12.000000 8.000000
    vertex -3.314755 12.756571 8.000000
    vertex -3.400000 12.000000 8.000000
  endloop
endfacet
facet normal -0.993712 0.111964 0.000000
  outer loop
    vertex -3.314755 12.756571 -8.000000
    vertex -3.400000 12.000000 -8.000000
    vertex -3.400000 12.000000 8.000000
  endloop
endfacet
facet normal -0.993712 0.111964 0.000000
  outer loop
    vertex -3.314755 12.756571 -8.000000
    vertex -3.400000 12.000000 8.000000
    vertex -3.314755 12.756571 8.000000
  endloop
endfacet
facet normal -0.000000 0.000000 -1.000000
  outer loop
    vertex 0.000000 12.000000 -8.000000
    vertex -3.314755 11.243429 -8.000000
    vertex -3.400000 12.000000 -8.000000
  endloop
endfacet
facet normal 0.000000 0.000000 1.000000
  outer loop
    vertex 0.000000 12.000000 8.000000
    vertex -3.400000 12.000000 8.000000
    vertex -3.314755 11.243429 8.000000
  endloop
endfacet
facet normal -0.993712 -0.111964 0.000000
  outer loop
    vertex -3.400000 12.000000 -8.000000
    vertex -3.314755 11.243429 -8.000000
    vertex -3.314755 11.243429 8.000000
  endloop
endfacet
facet normal -0.993712 -0.111964 0.000000
  outer loop
    vertex -3.400000 12.000000 -8.000000
    vertex -3.314755 11.243429 8.000000
    vertex -3.400000 12.000000 8.000000
  endloop
endfacet
facet normal 0.000000 0.000000 -1.000000
  outer loop
    vertex 0.000000 12.000000 -8.000000
    vertex -3.063294 10.524795 -8.000000
    vertex -3.314755 11.243429 -8.000000
  endloop
endfacet
facet normal 0.000000 0.000000 1.000000
  outer loop
    vertex 0.000000 12.000000 8.000000
    vertex -3.314755 11.243429 8.000000
    vertex -3.063294 10.524795 8.000000
  endloop
endfacet
facet normal -0.943883 -0.330279 0.000000
  outer loop
    vertex -3.314755 11.243429 -8.000000
    vertex -3.063294 10.524795 -8.000000
    vertex -3.063294 10.524795 8.000000
  endloop
endfacet
facet normal -0.943883 -0.330279 0.000000
  outer loop
    vertex -3.314755 11.243429 -8.000000
    vertex -3.063294 10.524795 8.000000
    vertex -3.314755 11.243429 8.000000
  endloop
endfacet
facet normal 0.000000 0.000000 -1.000000
  outer loop
    vertex 0.000000 12.000000 -8.000000
    vertex -2.658227 9.880135 -8.000000
    vertex -3.063294 10.524795 -8.000000
  endloop
endfacet
facet normal 0.000000 0.000000 1.000000
  outer loop
    vertex 0.000000 12.000000 8.000000
    vertex -3.063294 10.524795 8.000000
    vertex -2.658227 9.880135 8.000000
  endloop
endfacet
facet normal -0.846724 -0.532032 0.000000
  outer loop
    vertex -3.063294 10.524795 -8.000000
    vertex -2.658227 9.880135 -8.000000
    vertex -2.658227 9.880135 8.000000
  endloop
endfacet
facet normal -0.846724 -0.532032 0.000000
  outer loop
    vertex -3.063294 10.524795 -8.000000
    vertex -2.658227 9.880135 8.000000
    vertex -3.063294 10.524795 8.000000
  endloop
endfacet
facet normal 0.000000 0.000000 -1.000000
  outer loop
    vertex 0.000000 12.000000 -8.000000
    vertex -2.119865 9.341773 -8.000000
    vertex -2.658227 9.880135 -8.000000
  endloop
endfacet
facet normal 0.000000 0.000000 1.000000
  outer loop
    vertex 0.000000 12.000000 8.000000
    vertex -2.658227 9.880135 8.000000
    vertex -2.119865 9.341773 8.000000
  endloop
endfacet
facet normal -0.707107 -0.707107 0.000000
  outer loop
    vertex -2.658227 9.880135 -8.000000
    vertex -2.119865 9.341773 -8.000000
    vertex -2.119865 9.341773 8.000000
  endloop
endfacet
facet normal -0.707107 -0.707107 0.000000
  outer loop
    vertex -2.658227 9.880135 -8.000000
    vertex -2.119865 9.341773 8.000000
    vertex -2.658227 9.880135 8.000000
  endloop
endfacet
facet normal 0.000000 0.000000 -1.000000
  outer loop
    vertex 0.000000 12.000000 -8.000000
    vertex -1.475205 8.936706 -8.000000
    vertex -2.119865 9.341773 -8.000000
  endloop
endfacet
facet normal 0.000000 0.000000 1.000000
  outer loop
    vertex 0.000000 12.000000 8.000000
    vertex -2.119865 9.341773 8.000000
    vertex -1.475205 8.936706 8.000000
  endloop
endfacet
facet normal -0.532032 -0.846724 0.000000
  outer loop
    vertex -2.119865 9.341773 -8.000000
    vertex -1.475205 8.936706 -8.000000
    vertex -1.475205 8.936706 8.000000
  endloop
endfacet
facet normal -0.532032 -0.846724 0.000000
  outer loop
    vertex -2.119865 9.341773 -8.000000
    vertex -1.475205 8.936706 8.000000
    vertex -2.119865 9.341773 8.000000
  endloop
endfacet
facet normal 0.000000 0.000000 -1.000000
  outer loop
    vertex 0.000000 12.000000 -8.000000
    vertex -0.756571 8.685245 -8.000000
    vertex -1.475205 8.936706 -8.000000
  endloop
endfacet
facet normal 0.000000 0.000000 1.000000
  outer loop
    vertex 0.000000 12.000000 8.000000
    vertex -1.475205 8.936706 8.000000
    vertex -0.756571 8.685245 8.000000
  endloop
endfacet
facet normal -0.330279 -0.943883 0.000000
  outer loop
    vertex -1.475205 8.936706 -8.000000
    vertex -0.756571 8.685245 -8.000000
    vertex -0.756571 8.685245 8.000000
  endloop
endfacet
facet normal -0.330279 -0.943883 0.000000
  outer loop
    vertex -1.475205 8.936706 -8.000000
    vertex -0.756571 8.685245 8.000000
    vertex -1.475205 8.936706 8.000000
  endloop
endfacet
facet normal 0.000000 0.000000 -1.000000
  outer loop
    vertex 0.000000 12.000000 -8.000000
    vertex -0.000000 8.600000 -8.000000
    vertex -0.756571 8.685245 -8.000000
  endloop
endfacet
facet normal 0.000000 0.000000 1.000000
  outer loop
    vertex 0.000000 12.000000 8.000000
    vertex -0.756571 8.685245 8.000000
    vertex -0.000000 8.600000 8.000000
  endloop
endfacet
facet normal -0.111964 -0.993712 0.000000
  outer loop
    vertex -0.756571 8.685245 -8.000000
    vertex -0.000000 8.600000 -8.000000
    vertex -0.000000 8.600000 8.000000
  endloop
endfacet
facet normal -0.111964 -0.993712 0.000000
  outer loop
    vertex -0.756571 8.685245 -8.000000
    vertex -0.000000 8.600000 8.000000
    vertex -0.756571 8.685245 8.000000
  endloop
endfacet
facet normal 0.000000 -0.000000 -1.000000
  outer loop
    vertex 0.000000 12.000000 -8.000000
    vertex 0.756571 8.685245 -8.000000
    vertex -0.000000 8.600000 -8.000000
  endloop
endfacet
facet normal 0.000000 0.000000 1.000000
  outer loop
    vertex 0.000000 12.000000 8.000000
    vertex -0.000000 8.600000 8.000000
    vertex 0.756571 8.685245 8.000000
  endloop
endfacet
facet normal 0.111964 -0.993712 0.000000
  outer loop
    vertex -0.000000 8.600000 -8.000000
    vertex 0.756571 8.685245 -8.000000
    vertex 0.756571 8.685245 8.000000
  endloop
endfacet
facet normal 0.111964 -0.993712 0.000000
  outer loop
    vertex -0.000000 8.600000 -8.000000
    vertex 0.756571 8.685245 8.000000
    vertex -0.000000 8.600000 8.000000
  endloop
endfacet
facet normal 0.000000 0.000000 -1.000000
  outer loop
    vertex 0.000000 12.000000 -8.000000
    vertex 1.475205 8.936706 -8.000000
    vertex 0.756571 8.685245 -8.000000
  endloop
endfacet
facet normal 0.000000 0.000000 1.000000
  outer loop
    vertex 0.000000 12.000000 8.000000
    vertex 0.756571 8.685245 8.000000
    vertex 1.475205 8.936706 8.000000
  endloop
endfacet
facet normal 0.330279 -0.943883 0.000000
  outer loop
    vertex 0.756571 8.685245 -8.000000
    vertex 1.475205 8.936706 -8.000000
    vertex 1.475205 8.936706 8.000000
  endloop
endfacet
facet normal 0.330279 -0.943883 0.000000
  outer loop
    vertex 0.756571 8.685245 -8.000000
    vertex 1.475205 8.936706 8.000000
    vertex 0.756571 8.685245 8.000000
  endloop
endfacet
facet normal 0.000000 0.000000 -1.000000
  outer loop
    vertex 0.000000 12.000000 -8.000000
    vertex 2.119865 9.341773 -8.000000
    vertex 1.475205 8.936706 -8.000000
  endloop
endfacet
facet normal 0.000000 0.000000 1.000000
  outer loop
    vertex 0.000000 12.000000 8.000000
    vertex 1.475205 8.936706 8.000000
    vertex 2.119865 9.341773 8.000000
  endloop
endfacet
facet normal 0.532032 -0.846724 0.000000
  outer loop
    vertex 1.475205 8.936706 -8.000000
    vertex 2.119865 9.341773 -8.000000
    vertex 2.119865 9.341773 8.000000
  endloop
endfacet
facet normal 0.532032 -0.846724 0.000000
  outer loop
    vertex 1.475205 8.936706 -8.000000
    vertex 2.119865 9.341773 8.000000
    vertex 1.475205 8.936706 8.000000
  endloop
endfacet
facet normal 0.000000 0.000000 -1.000000
  outer loop
    vertex 0.000000 12.000000 -8.000000
    vertex 2.658227 9.880135 -8.000000
    vertex 2.119865 9.341773 -8.000000
  endloop
endfacet
facet normal 0.000000 0.000000 1.000000
  outer loop
    vertex 0.000000 12.000000 8.000000
    vertex 2.119865 9.341773 8.000000
    vertex 2.658227 9.880135 8.000000
  endloop
endfacet
facet normal 0.707107 -0.707107 0.000000
  outer loop
    vertex 2.119865 9.341773 -8.000000
    vertex 2.658227 9.880135 -8.000000
    vertex 2.658227 9.880135 8.000000
  endloop
endfacet
facet normal 0.707107 -0.707107 0.000000
  outer loop
    vertex 2.119865 9.341773 -8.000000
    vertex 2.658227 9.880135 8.000000
    vertex 2.119865 9.341773 8.000000
  endloop
endfacet
facet normal 0.000000 0.000000 -1.000000
  outer loop
    vertex 0.000000 12.000000 -8.000000
    vertex 3.063294 10.524795 -8.000000
    vertex 2.658227 9.880135 -8.000000
  endloop
endfacet
facet normal 0.000000 0.000000 1.000000
  outer loop
    vertex 0.000000 12.000000 8.000000
    vertex 2.658227 9.880135 8.000000
    vertex 3.063294 10.524795 8.000000
  endloop
endfacet
facet normal 0.846724 -0.532032 0.000000
  outer loop
    vertex 2.658227 9.880135 -8.000000
    vertex 3.063294 10.524795 -8.000000
    vertex 3.063294 10.524795 8.000000
  endloop
endfacet
facet normal 0.846724 -0.532032 0.000000
  outer loop
    vertex 2.658227 9.880135 -8.000000
    vertex 3.063294 10.524795 8.000000
    vertex 2.658227 9.880135 8.000000
  endloop
endfacet
facet normal 0.000000 0.000000 -1.000000
  outer loop
    vertex 0.000000 12.000000 -8.000000
    vertex 3.314755 11.243429 -8.000000
    vertex 3.063294 10.524795 -8.000000
  endloop
endfacet
facet normal 0.000000 0.000000 1.000000
  outer loop
    vertex 0.000000 12.000000 8.000000
    vertex 3.063294 10.524795 8.000000
    vertex 3.314755 11.243429 8.000000
  endloop
endfacet
facet normal 0.943883 -0.330279 0.000000
  outer loop
    vertex 3.063294 10.524795 -8.000000
    vertex 3.314755 11.243429 -8.000000
    vertex 3.314755 11.243429 8.000000
  endloop
endfacet
facet normal 0.943883 -0.330279 0.000000
  outer loop
    vertex 3.063294 10.524795 -8.000000
    vertex 3.314755 11.243429 8.000000
    vertex 3.063294 10.524795 8.000000
  endloop
endfacet
facet normal 0.000000 0.000000 -1.000000
  outer loop
    vertex 0.000000 12.000000 -8.000000
    vertex 3.400000 12.000000 -8.000000
    vertex 3.314755 11.243429 -8.000000
  endloop
endfacet
facet normal -0.000000 0.000000 1.000000
  outer loop
    vertex 0.000000 12.000000 8.000000
    vertex 3.314755 11.243429 8.000000
    vertex 3.400000 12.000000 8.000000
  endloop
endfacet
facet normal 0.993712 -0.111964 0.000000
  outer loop
    vertex 3.314755 11.243429 -8.000000
    vertex 3.400000 12.000000 -8.000000
    vertex 3.400000 12.000000 8.000000
  endloop
endfacet
facet normal 0.993712 -0.111964 0.000000
  outer loop
    vertex 3.314755 11.243429 -8.000000
    vertex 3.400000 12.000000 8.000000
    vertex 3.314755 11.243429 8.000000
  endloop
endfacet
facet normal 0.111960 0.008811 -0.993674
  outer loop
    vertex 0.000000 0.000000 -7.500000
    vertex 0.000000 0.000000 -7.500000
    vertex 1.648360 0.261075 -7.311959
  endloop
endfacet
facet normal 0.111960 0.008811 -0.993674
  outer loop
    vertex 0.000000 0.000000 -7.500000
    vertex 1.648360 0.261075 -7.311959
    vertex 1.668907 0.000000 -7.311959
  endloop
endfacet
facet normal 0.109203 0.026217 -0.993674
  outer loop
    vertex 0.000000 0.000000 -7.500000
    vertex 0.000000 0.000000 -7.500000
    vertex 1.587225 0.515721 -7.311959
  endloop
endfacet
facet normal 0.109203 0.026217 -0.993674
  outer loop
    vertex 0.000000 0.000000 -7.500000
    vertex 1.587225 0.515721 -7.311959
    vertex 1.648360 0.261075 -7.311959
  endloop
endfacet
facet normal 0.103758 0.042978 -0.993674
  outer loop
    vertex 0.000000 0.000000 -7.500000
    vertex 0.000000 0.000000 -7.500000
    vertex 1.487007 0.757668 -7.311959
  endloop
endfacet
facet normal 0.103758 0.042978 -0.993674
  outer loop
    vertex 0.000000 0.000000 -7.500000
    vertex 1.487007 0.757668 -7.311959
    vertex 1.587225 0.515721 -7.311959
  endloop
endfacet
facet normal 0.095757 0.058680 -0.993674
  outer loop
    vertex 0.000000 0.000000 -7.500000
    vertex 0.000000 0.000000 -7.500000
    vertex 1.350174 0.980959 -7.311959
  endloop
endfacet
facet normal 0.095757 0.058680 -0.993674
  outer loop
    vertex 0.000000 0.000000 -7.500000
    vertex 1.350174 0.980959 -7.311959
    vertex 1.487007 0.757668 -7.311959
  endloop
endfacet
facet normal 0.085398 0.072937 -0.993674
  outer loop
    vertex 0.000000 0.000000 -7.500000
    vertex 0.000000 0.000000 -7.500000
    vertex 1.180095 1.180095 -7.311959
  endloop
endfacet
facet normal 0.085398 0.072937 -0.993674
  outer loop
    vertex 0.000000 0.000000 -7.500000
    vertex 1.180095 1.180095 -7.311959
    vertex 1.350174 0.980959 -7.311959
  endloop
endfacet
facet normal 0.072937 0.085398 -0.993674
  outer loop
    vertex 0.000000 0.000000 -7.500000
    vertex 0.000000 0.000000 -7.500000
    vertex 0.980959 1.350174 -7.311959
  endloop
endfacet
facet normal 0.072937 0.085398 -0.993674
  outer loop
    vertex 0.000000 0.000000 -7.500000
    vertex 0.980959 1.350174 -7.311959
    vertex 1.180095 1.180095 -7.311959
  endloop
endfacet
facet normal 0.058680 0.095757 -0.993674
  outer loop
    vertex 0.000000 0.000000 -7.500000
    vertex 0.000000 0.000000 -7.500000
    vertex 0.757668 1.487007 -7.311959
  endloop
endfacet
facet normal 0.058680 0.095757 -0.993674
  outer loop
    vertex 0.000000 0.000000 -7.500000
    vertex 0.757668 1.487007 -7.311959
    vertex 0.980959 1.350174 -7.311959
  endloop
endfacet
facet normal 0.042978 0.103758 -0.993674
  outer loop
    vertex 0.000000 0.000000 -7.500000
    vertex 0.000000 0.000000 -7.500000
    vertex 0.515721 1.587225 -7.311959
  endloop
endfacet
facet normal 0.042978 0.103758 -0.993674
  outer loop
    vertex 0.000000 0.000000 -7.500000
    vertex 0.515721 1.587225 -7.311959
    vertex 0.757668 1.487007 -7.311959
  endloop
endfacet
facet normal 0.026217 0.109203 -0.993674
  outer loop
    vertex 0.000000 0.000000 -7.500000
    vertex 0.000000 0.000000 -7.500000
    vertex 0.261075 1.648360 -7.311959
  endloop
endfacet
facet normal 0.026217 0.109203 -0.993674
  outer loop
    vertex 0.000000 0.000000 -7.500000
    vertex 0.261075 1.648360 -7.311959
    vertex 0.515721 1.587225 -7.311959
  endloop
endfacet
facet normal 0.008811 0.111960 -0.993674
  outer loop
    vertex 0.000000 0.000000 -7.500000
    vertex 0.000000 0.000000 -7.500000
    vertex 0.000000 1.668907 -7.311959
  endloop
endfacet
facet normal 0.008811 0.111960 -0.993674
  outer loop
    vertex 0.000000 0.000000 -7.500000
    vertex 0.000000 1.668907 -7.311959
    vertex 0.261075 1.648360 -7.311959
  endloop
endfacet
facet normal -0.008811 0.111960 -0.993674
  outer loop
    vertex 0.000000 0.000000 -7.500000
    vertex -0.000000 0.000000 -7.500000
    vertex -0.261075 1.648360 -7.311959
  endloop
endfacet
facet normal -0.008811 0.111960 -0.993674
  outer loop
    vertex 0.000000 0.000000 -7.500000
    vertex -0.261075 1.648360 -7.311959
    vertex 0.000000 1.668907 -7.311959
  endloop
endfacet
facet normal -0.026217 0.109203 -0.993674
  outer loop
    vertex -0.000000 0.000000 -7.500000
    vertex -0.000000 0.000000 -7.500000
    vertex -0.515721 1.587225 -7.311959
  endloop
endfacet
facet normal -0.026217 0.109203 -0.993674
  outer loop
    vertex -0.000000 0.000000 -7.500000
    vertex -0.515721 1.587225 -7.311959
    vertex -0.261075 1.648360 -7.311959
  endloop
endfacet
facet normal -0.042978 0.103758 -0.993674
  outer loop
    vertex -0.000000 0.000000 -7.500000
    vertex -0.000000 0.000000 -7.500000
    vertex -0.757668 1.487007 -7.311959
  endloop
endfacet
facet normal -0.042978 0.103758 -0.993674
  outer loop
    vertex -0.000000 0.000000 -7.500000
    vertex -0.757668 1.487007 -7.311959
    vertex -0.515721 1.587225 -7.311959
  endloop
endfacet
facet normal -0.058680 0.095757 -0.993674
  outer loop
    vertex -0.000000 0.000000 -7.500000
    vertex -0.000000 0.000000 -7.500000
    vertex -0.980959 1.350174 -7.311959
  endloop
endfacet
facet normal -0.058680 0.095757 -0.993674
  outer loop
    vertex -0.000000 0.000000 -7.500000
    vertex -0.980959 1.350174 -7.311959
    vertex -0.757668 1.487007 -7.311959
  endloop
endfacet
facet normal -0.072937 0.085398 -0.993674
  outer loop
    vertex -0.000000 0.000000 -7.500000
    vertex -0.000000 0.000000 -7.500000
    vertex -1.180095 1.180095 -7.311959
  endloop
endfacet
facet normal -0.072937 0.085398 -0.993674
  outer loop
    vertex -0.000000 0.000000 -7.500000
    vertex -1.180095 1.180095 -7.311959
    vertex -0.980959 1.350174 -7.311959
  endloop
endfacet
facet normal -0.085398 0.072937 -0.993674
  outer loop
    vertex -0.000000 0.000000 -7.500000
    vertex -0.000000 0.000000 -7.500000
    vertex -1.350174 0.980959 -7.311959
  endloop
endfacet
facet normal -0.085398 0.072937 -0.993674
  outer loop
    vertex -0.000000 0.000000 -7.500000
    vertex -1.350174 0.980959 -7.311959
    vertex -1.180095 1.180095 -7.311959
  endloop
endfacet
facet normal -0.095757 0.058680 -0.993674
  outer loop
    vertex -0.000000 0.000000 -7.500000
    vertex -0.000000 0.000000 -7.500000
    vertex -1.487007 0.757668 -7.311959
  endloop
endfacet
facet normal -0.095757 0.058680 -0.993674
  outer loop
    vertex -0.000000 0.000000 -7.500000
    vertex -1.487007 0.757668 -7.311959
    vertex -1.350174 0.980959 -7.311959
  endloop
endfacet
facet normal -0.103758 0.042978 -0.993674
  outer loop
    vertex -0.000000 0.000000 -7.500000
    vertex -0.000000 0.000000 -7.500000
    vertex -1.587225 0.515721 -7.311959
  endloop
endfacet
facet normal -0.103758 0.042978 -0.993674
  outer loop
    vertex -0.000000 0.000000 -7.500000
    vertex -1.587225 0.515721 -7.311959
    vertex -1.487007 0.757668 -7.311959
  endloop
endfacet
facet normal -0.109203 0.026217 -0.993674
  outer loop
    vertex -0.000000 0.000000 -7.500000
    vertex -0.000000 0.000000 -7.500000
    vertex -1.648360 0.261075 -7.311959
  endloop
endfacet
facet normal -0.109203 0.026217 -0.993674
  outer loop
    vertex -0.000000 0.000000 -7.500000
    vertex -1.648360 0.261075 -7.311959
    vertex -1.587225 0.515721 -7.311959
  endloop
endfacet
facet normal -0.111960 0.008811 -0.993674
  outer loop
    vertex -0.000000 0.000000 -7.500000
    vertex -0.000000 0.000000 -7.500000
    vertex -1.668907 0.000000 -7.311959
  endloop
endfacet
facet normal -0.111960 0.008811 -0.993674
  outer loop
    vertex -0.000000 0.000000 -7.500000
    vertex -1.668907 0.000000 -7.311959
    vertex -1.648360 0.261075 -7.311959
  endloop
endfacet
facet normal -0.111960 -0.008811 -0.993674
  outer loop
    vertex -0.000000 0.000000 -7.500000
    vertex -0.000000 -0.000000 -7.500000
    vertex -1.648360 -0.261075 -7.311959
  endloop
endfacet
facet normal -0.111960 -0.008811 -0.993674
  outer loop
    vertex -0.000000 0.000000 -7.500000
    vertex -1.648360 -0.261075 -7.311959
    vertex -1.668907 0.000000 -7.311959
  endloop
endfacet
facet normal -0.109203 -0.026217 -0.993674
  outer loop
    vertex -0.000000 -0.000000 -7.500000
    vertex -0.000000 -0.000000 -7.500000
    vertex -1.587225 -0.515721 -7.311959
  endloop
endfacet
facet normal -0.109203 -0.026217 -0.993674
  outer loop
    vertex -0.000000 -0.000000 -7.500000
    vertex -1.587225 -0.515721 -7.311959
    vertex -1.648360 -0.261075 -7.311959
  endloop
endfacet
facet normal -0.103758 -0.042978 -0.993674
  outer loop
    vertex -0.000000 -0.000000 -7.500000
    vertex -0.000000 -0.000000 -7.500000
    vertex -1.487007 -0.757668 -7.311959
  endloop
endfacet
facet normal -0.103758 -0.042978 -0.993674
  outer loop
    vertex -0.000000 -0.000000 -7.500000
    vertex -1.487007 -0.757668 -7.311959
    vertex -1.587225 -0.515721 -7.311959
  endloop
endfacet
facet normal -0.095757 -0.058680 -0.993674
  outer loop
    vertex -0.000000 -0.000000 -7.500000
    vertex -0.000000 -0.000000 -7.500000
    vertex -1.350174 -0.980959 -7.311959
  endloop
endfacet
facet normal -0.095757 -0.058680 -0.993674
  outer loop
    vertex -0.000000 -0.000000 -7.500000
    vertex -1.350174 -0.980959 -7.311959
    vertex -1.487007 -0.757668 -7.311959
  endloop
endfacet
facet normal -0.085398 -0.072937 -0.993674
  outer loop
    vertex -0.000000 -0.000000 -7.500000
    vertex -0.000000 -0.000000 -7.500000
    vertex -1.180095 -1.180095 -7.311959
  endloop
endfacet
facet normal -0.085398 -0.072937 -0.993674
  outer loop
    vertex -0.000000 -0.000000 -7.500000
    vertex -1.180095 -1.180095 -7.311959
    vertex -1.350174 -0.980959 -7.311959
  endloop
endfacet
facet normal -0.072937 -0.085398 -0.993674
  outer loop
    vertex -0.000000 -0.000000 -7.500000
    vertex -0.000000 -0.000000 -7.500000
    vertex -0.980959 -1.350174 -7.311959
  endloop
endfacet
facet normal -0.072937 -0.085398 -0.993674
  outer loop
    vertex -0.000000 -0.000000 -7.500000
    vertex -0.980959 -1.350174 -7.311959
    vertex -1.180095 -1.180095 -7.311959
  endloop
endfacet
facet normal -0.058680 -0.095757 -0.993674
  outer loop
    vertex -0.000000 -0.000000 -7.500000
    vertex -0.000000 -0.000000 -7.500000
    vertex -0.757668 -1.487007 -7.311959
  endloop
endfacet
facet normal -0.058680 -0.095757 -0.993674
  outer loop
    vertex -0.000000 -0.000000 -7.500000
    vertex -0.757668 -1.487007 -7.311959
    vertex -0.980959 -1.350174 -7.311959
  endloop
endfacet
facet normal -0.042978 -0.103758 -0.993674
  outer loop
    vertex -0.000000 -0.000000 -7.500000
    vertex -0.000000 -0.000000 -7.500000
    vertex -0.515721 -1.587225 -7.311959
  endloop
endfacet
facet normal -0.042978 -0.103758 -0.993674
  outer loop
    vertex -0.000000 -0.000000 -7.500000
    vertex -0.515721 -1.587225 -7.311959
    vertex -0.757668 -1.487007 -7.311959
  endloop
endfacet
facet normal -0.026217 -0.109203 -0.993674
  outer loop
    vertex -0.000000 -0.000000 -7.500000
    vertex -0.000000 -0.000000 -7.500000
    vertex -0.261075 -1.648360 -7.311959
  endloop
endfacet
facet normal -0.026217 -0.109203 -0.993674
  outer loop
    vertex -0.000000 -0.000000 -7.500000
    vertex -0.261075 -1.648360 -7.311959
    vertex -0.515721 -1.587225 -7.311959
  endloop
endfacet
facet normal -0.008811 -0.111960 -0.993674
  outer loop
    vertex -0.000000 -0.000000 -7.500000
    vertex -0.000000 -0.000000 -7.500000
    vertex -0.000000 -1.668907 -7.311959
  endloop
endfacet
facet normal -0.008811 -0.111960 -0.993674
  outer loop
    vertex -0.000000 -0.000000 -7.500000
    vertex -0.000000 -1.668907 -7.311959
    vertex -0.261075 -1.648360 -7.311959
  endloop
endfacet
facet normal 0.008811 -0.111960 -0.993674
  outer loop
    vertex -0.000000 -0.000000 -7.500000
    vertex 0.000000 -0.000000 -7.500000
    vertex 0.261075 -1.648360 -7.311959
  endloop
endfacet
facet normal 0.008811 -0.111960 -0.993674
  outer loop
    vertex -0.000000 -0.000000 -7.500000
    vertex 0.261075 -1.648360 -7.311959
    vertex -0.000000 -1.668907 -7.311959
  endloop
endfacet
facet normal 0.026217 -0.109203 -0.993674
  outer loop
    vertex 0.000000 -0.000000 -7.500000
    vertex 0.000000 -0.000000 -7.500000
    vertex 0.515721 -1.587225 -7.311959
  endloop
endfacet
facet normal 0.026217 -0.109203 -0.993674
  outer loop
    vertex 0.000000 -0.000000 -7.500000
    vertex 0.515721 -1.587225 -7.311959
    vertex 0.261075 -1.648360 -7.311959
  endloop
endfacet
facet normal 0.042978 -0.103758 -0.993674
  outer loop
    vertex 0.000000 -0.000000 -7.500000
    vertex 0.000000 -0.000000 -7.500000
    vertex 0.757668 -1.487007 -7.311959
  endloop
endfacet
facet normal 0.042978 -0.103758 -0.993674
  outer loop
    vertex 0.000000 -0.000000 -7.500000
    vertex 0.757668 -1.487007 -7.311959
    vertex 0.515721 -1.587225 -7.311959
  endloop
endfacet
facet normal 0.058680 -0.095757 -0.993674
  outer loop
    vertex 0.000000 -0.000000 -7.500000
    vertex 0.000000 -0.000000 -7.500000
    vertex 0.980959 -1.350174 -7.311959
  endloop
endfacet
facet normal 0.058680 -0.095757 -0.993674
  outer loop
    vertex 0.000000 -0.000000 -7.500000
    vertex 0.980959 -1.350174 -7.311959
    vertex 0.757668 -1.487007 -7.311959
  endloop
endfacet
facet normal 0.072937 -0.085398 -0.993674
  outer loop
    vertex 0.000000 -0.000000 -7.500000
    vertex 0.000000 -0.000000 -7.500000
    vertex 1.180095 -1.180095 -7.311959
  endloop
endfacet
facet normal 0.072937 -0.085398 -0.993674
  outer loop
    vertex 0.000000 -0.000000 -7.500000
    vertex 1.180095 -1.180095 -7.311959
    vertex 0.980959 -1.350174 -7.311959
  endloop
endfacet
facet normal 0.085398 -0.072937 -0.993674
  outer loop
    vertex 0.000000 -0.000000 -7.500000
    vertex 0.000000 -0.000000 -7.500000
    vertex 1.350174 -0.980959 -7.311959
  endloop
endfacet
facet normal 0.085398 -0.072937 -0.993674
  outer loop
    vertex 0.000000 -0.000000 -7.500000
    vertex 1.350174 -0.980959 -7.311959
    vertex 1.180095 -1.180095 -7.311959
  endloop
endfacet
facet normal 0.095757 -0.058680 -0.993674
  outer loop
    vertex 0.000000 -0.000000 -7.500000
    vertex 0.000000 -0.000000 -7.500000
    vertex 1.487007 -0.757668 -7.311959
  endloop
endfacet
facet normal 0.095757 -0.058680 -0.993674
  outer loop
    vertex 0.000000 -0.000000 -7.500000
    vertex 1.487007 -0.757668 -7.311959
    vertex 1.350174 -0.980959 -7.311959
  endloop
endfacet
facet normal 0.103758 -0.042978 -0.993674
  outer loop
    vertex 0.000000 -0.000000 -7.500000
    vertex 0.000000 -0.000000 -7.500000
    vertex 1.587225 -0.515721 -7.311959
  endloop
endfacet
facet normal 0.103758 -0.042978 -0.993674
  outer loop
    vertex 0.000000 -0.000000 -7.500000
    vertex 1.587225 -0.515721 -7.311959
    vertex 1.487007 -0.757668 -7.311959
  endloop
endfacet
facet normal 0.109203 -0.026217 -0.993674
  outer loop
    vertex 0.000000 -0.000000 -7.500000
    vertex 0.000000 -0.000000 -7.500000
    vertex 1.648360 -0.261075 -7.311959
  endloop
endfacet
facet normal 0.109203 -0.026217 -0.993674
  outer loop
    vertex 0.000000 -0.000000 -7.500000
    vertex 1.648360 -0.261075 -7.311959
    vertex 1.587225 -0.515721 -7.311959
  endloop
endfacet
facet normal 0.111960 -0.008811 -0.993674
  outer loop
    vertex 0.000000 -0.000000 -7.500000
    vertex 0.000000 0.000000 -7.500000
    vertex 1.668907 0.000000 -7.311959
  endloop
endfacet
facet normal 0.111960 -0.008811 -0.993674
  outer loop
    vertex 0.000000 -0.000000 -7.500000
    vertex 1.668907 0.000000 -7.311959
    vertex 1.648360 -0.261075 -7.311959
  endloop
endfacet
facet normal 0.330168 0.025985 -0.943565
  outer loop
    vertex 1.668907 0.000000 -7.311959
    vertex 1.648360 0.261075 -7.311959
    vertex 3.214064 0.509058 -6.757267
  endloop
endfacet
facet normal 0.330168 0.025985 -0.943565
  outer loop
    vertex 1.668907 0.000000 -7.311959
    vertex 3.214064 0.509058 -6.757267
    vertex 3.254128 0.000000 -6.757267
  endloop
endfacet
facet normal 0.322038 0.077314 -0.943565
  outer loop
    vertex 1.648360 0.261075 -7.311959
    vertex 1.587225 0.515721 -7.311959
    vertex 3.094860 1.005581 -6.757267
  endloop
endfacet
facet normal 0.322038 0.077314 -0.943565
  outer loop
    vertex 1.648360 0.261075 -7.311959
    vertex 3.094860 1.005581 -6.757267
    vertex 3.214064 0.509058 -6.757267
  endloop
endfacet
facet normal 0.305978 0.126740 -0.943565
  outer loop
    vertex 1.587225 0.515721 -7.311959
    vertex 1.487007 0.757668 -7.311959
    vertex 2.899449 1.477343 -6.757267
  endloop
endfacet
facet normal 0.305978 0.126740 -0.943565
  outer loop
    vertex 1.587225 0.515721 -7.311959
    vertex 2.899449 1.477343 -6.757267
    vertex 3.094860 1.005581 -6.757267
  endloop
endfacet
facet normal 0.282385 0.173046 -0.943565
  outer loop
    vertex 1.487007 0.757668 -7.311959
    vertex 1.350174 0.980959 -7.311959
    vertex 2.632645 1.912728 -6.757267
  endloop
endfacet
facet normal 0.282385 0.173046 -0.943565
  outer loop
    vertex 1.487007 0.757668 -7.311959
    vertex 2.632645 1.912728 -6.757267
    vertex 2.899449 1.477343 -6.757267
  endloop
endfacet
facet normal 0.251838 0.215090 -0.943565
  outer loop
    vertex 1.350174 0.980959 -7.311959
    vertex 1.180095 1.180095 -7.311959
    vertex 2.301016 2.301016 -6.757267
  endloop
endfacet
facet normal 0.251838 0.215090 -0.943565
  outer loop
    vertex 1.350174 0.980959 -7.311959
    vertex 2.301016 2.301016 -6.757267
    vertex 2.632645 1.912728 -6.757267
  endloop
endfacet
facet normal 0.215090 0.251838 -0.943565
  outer loop
    vertex 1.180095 1.180095 -7.311959
    vertex 0.980959 1.350174 -7.311959
    vertex 1.912728 2.632645 -6.757267
  endloop
endfacet
facet normal 0.215090 0.251838 -0.943565
  outer loop
    vertex 1.180095 1.180095 -7.311959
    vertex 1.912728 2.632645 -6.757267
    vertex 2.301016 2.301016 -6.757267
  endloop
endfacet
facet normal 0.173046 0.282385 -0.943565
  outer loop
    vertex 0.980959 1.350174 -7.311959
    vertex 0.757668 1.487007 -7.311959
    vertex 1.477343 2.899449 -6.757267
  endloop
endfacet
facet normal 0.173046 0.282385 -0.943565
  outer loop
    vertex 0.980959 1.350174 -7.311959
    vertex 1.477343 2.899449 -6.757267
    vertex 1.912728 2.632645 -6.757267
  endloop
endfacet
facet normal 0.126740 0.305978 -0.943565
  outer loop
    vertex 0.757668 1.487007 -7.311959
    vertex 0.515721 1.587225 -7.311959
    vertex 1.005581 3.094860 -6.757267
  endloop
endfacet
facet normal 0.126740 0.305978 -0.943565
  outer loop
    vertex 0.757668 1.487007 -7.311959
    vertex 1.005581 3.094860 -6.757267
    vertex 1.477343 2.899449 -6.757267
  endloop
endfacet
facet normal 0.077314 0.322038 -0.943565
  outer loop
    vertex 0.515721 1.587225 -7.311959
    vertex 0.261075 1.648360 -7.311959
    vertex 0.509058 3.214064 -6.757267
  endloop
endfacet
facet normal 0.077314 0.322038 -0.943565
  outer loop
    vertex 0.515721 1.587225 -7.311959
    vertex 0.509058 3.214064 -6.757267
    vertex 1.005581 3.094860 -6.757267
  endloop
endfacet
facet normal 0.025985 0.330168 -0.943565
  outer loop
    vertex 0.261075 1.648360 -7.311959
    vertex 0.000000 1.668907 -7.311959
    vertex 0.000000 3.254128 -6.757267
  endloop
endfacet
facet normal 0.025985 0.330168 -0.943565
  outer loop
    vertex 0.261075 1.648360 -7.311959
    vertex 0.000000 3.254128 -6.757267
    vertex 0.509058 3.214064 -6.757267
  endloop
endfacet
facet normal -0.025985 0.330168 -0.943565
  outer loop
    vertex 0.000000 1.668907 -7.311959
    vertex -0.261075 1.648360 -7.311959
    vertex -0.509058 3.214064 -6.757267
  endloop
endfacet
facet normal -0.025985 0.330168 -0.943565
  outer loop
    vertex 0.000000 1.668907 -7.311959
    vertex -0.509058 3.214064 -6.757267
    vertex 0.000000 3.254128 -6.757267
  endloop
endfacet
facet normal -0.077314 0.322038 -0.943565
  outer loop
    vertex -0.261075 1.648360 -7.311959
    vertex -0.515721 1.587225 -7.311959
    vertex -1.005581 3.094860 -6.757267
  endloop
endfacet
facet normal -0.077314 0.322038 -0.943565
  outer loop
    vertex -0.261075 1.648360 -7.311959
    vertex -1.005581 3.094860 -6.757267
    vertex -0.509058 3.214064 -6.757267
  endloop
endfacet
facet normal -0.126740 0.305978 -0.943565
  outer loop
    vertex -0.515721 1.587225 -7.311959
    vertex -0.757668 1.487007 -7.311959
    vertex -1.477343 2.899449 -6.757267
  endloop
endfacet
facet normal -0.126740 0.305978 -0.943565
  outer loop
    vertex -0.515721 1.587225 -7.311959
    vertex -1.477343 2.899449 -6.757267
    vertex -1.005581 3.094860 -6.757267
  endloop
endfacet
facet normal -0.173046 0.282385 -0.943565
  outer loop
    vertex -0.757668 1.487007 -7.311959
    vertex -0.980959 1.350174 -7.311959
    vertex -1.912728 2.632645 -6.757267
  endloop
endfacet
facet normal -0.173046 0.282385 -0.943565
  outer loop
    vertex -0.757668 1.487007 -7.311959
    vertex -1.912728 2.632645 -6.757267
    vertex -1.477343 2.899449 -6.757267
  endloop
endfacet
facet normal -0.215090 0.251838 -0.943565
  outer loop
    vertex -0.980959 1.350174 -7.311959
    vertex -1.180095 1.180095 -7.311959
    vertex -2.301016 2.301016 -6.757267
  endloop
endfacet
facet normal -0.215090 0.251838 -0.943565
  outer loop
    vertex -0.980959 1.350174 -7.311959
    vertex -2.301016 2.301016 -6.757267
    vertex -1.912728 2.632645 -6.757267
  endloop
endfacet
facet normal -0.251838 0.215090 -0.943565
  outer loop
    vertex -1.180095 1.180095 -7.311959
    vertex -1.350174 0.980959 -7.311959
    vertex -2.632645 1.912728 -6.757267
  endloop
endfacet
facet normal -0.251838 0.215090 -0.943565
  outer loop
    vertex -1.180095 1.180095 -7.311959
    vertex -2.632645 1.912728 -6.757267
    vertex -2.301016 2.301016 -6.757267
  endloop
endfacet
facet normal -0.282385 0.173046 -0.943565
  outer loop
    vertex -1.350174 0.980959 -7.311959
    vertex -1.487007 0.757668 -7.311959
    vertex -2.899449 1.477343 -6.757267
  endloop
endfacet
facet normal -0.282385 0.173046 -0.943565
  outer loop
    vertex -1.350174 0.980959 -7.311959
    vertex -2.899449 1.477343 -6.757267
    vertex -2.632645 1.912728 -6.757267
  endloop
endfacet
facet normal -0.305978 0.126740 -0.943565
  outer loop
    vertex -1.487007 0.757668 -7.311959
    vertex -1.587225 0.515721 -7.311959
    vertex -3.094860 1.005581 -6.757267
  endloop
endfacet
facet normal -0.305978 0.126740 -0.943565
  outer loop
    vertex -1.487007 0.757668 -7.311959
    vertex -3.094860 1.005581 -6.757267
    vertex -2.899449 1.477343 -6.757267
  endloop
endfacet
facet normal -0.322038 0.077314 -0.943565
  outer loop
    vertex -1.587225 0.515721 -7.311959
    vertex -1.648360 0.261075 -7.311959
    vertex -3.214064 0.509058 -6.757267
  endloop
endfacet
facet normal -0.322038 0.077314 -0.943565
  outer loop
    vertex -1.587225 0.515721 -7.311959
    vertex -3.214064 0.509058 -6.757267
    vertex -3.094860 1.005581 -6.757267
  endloop
endfacet
facet normal -0.330168 0.025985 -0.943565
  outer loop
    vertex -1.648360 0.261075 -7.311959
    vertex -1.668907 0.000000 -7.311959
    vertex -3.254128 0.000000 -6.757267
  endloop
endfacet
facet normal -0.330168 0.025985 -0.943565
  outer loop
    vertex -1.648360 0.261075 -7.311959
    vertex -3.254128 0.000000 -6.757267
    vertex -3.214064 0.509058 -6.757267
  endloop
endfacet
facet normal -0.330168 -0.025985 -0.943565
  outer loop
    vertex -1.668907 0.000000 -7.311959
    vertex -1.648360 -0.261075 -7.311959
    vertex -3.214064 -0.509058 -6.757267
  endloop
endfacet
facet normal -0.330168 -0.025985 -0.943565
  outer loop
    vertex -1.668907 0.000000 -7.311959
    vertex -3.214064 -0.509058 -6.757267
    vertex -3.254128 0.000000 -6.757267
  endloop
endfacet
facet normal -0.322038 -0.077314 -0.943565
  outer loop
    vertex -1.648360 -0.261075 -7.311959
    vertex -1.587225 -0.515721 -7.311959
    vertex -3.094860 -1.005581 -6.757267
  endloop
endfacet
facet normal -0.322038 -0.077314 -0.943565
  outer loop
    vertex -1.648360 -0.261075 -7.311959
    vertex -3.094860 -1.005581 -6.757267
    vertex -3.214064 -0.509058 -6.757267
  endloop
endfacet
facet normal -0.305978 -0.126740 -0.943565
  outer loop
    vertex -1.587225 -0.515721 -7.311959
    vertex -1.487007 -0.757668 -7.311959
    vertex -2.899449 -1.477343 -6.757267
  endloop
endfacet
facet normal -0.305978 -0.126740 -0.943565
  outer loop
    vertex -1.587225 -0.515721 -7.311959
    vertex -2.899449 -1.477343 -6.757267
    vertex -3.094860 -1.005581 -6.757267
  endloop
endfacet
facet normal -0.282385 -0.173046 -0.943565
  outer loop
    vertex -1.487007 -0.757668 -7.311959
    vertex -1.350174 -0.980959 -7.311959
    vertex -2.632645 -1.912728 -6.757267
  endloop
endfacet
facet normal -0.282385 -0.173046 -0.943565
  outer loop
    vertex -1.487007 -0.757668 -7.311959
    vertex -2.632645 -1.912728 -6.757267
    vertex -2.899449 -1.477343 -6.757267
  endloop
endfacet
facet normal -0.251838 -0.215090 -0.943565
  outer loop
    vertex -1.350174 -0.980959 -7.311959
    vertex -1.180095 -1.180095 -7.311959
    vertex -2.301016 -2.301016 -6.757267
  endloop
endfacet
facet normal -0.251838 -0.215090 -0.943565
  outer loop
    vertex -1.350174 -0.980959 -7.311959
    vertex -2.301016 -2.301016 -6.757267
    vertex -2.632645 -1.912728 -6.757267
  endloop
endfacet
facet normal -0.215090 -0.251838 -0.943565
  outer loop
    vertex -1.180095 -1.180095 -7.311959
    vertex -0.980959 -1.350174 -7.311959
    vertex -1.912728 -2.632645 -6.757267
  endloop
endfacet
facet normal -0.215090 -0.251838 -0.943565
  outer loop
    vertex -1.180095 -1.180095 -7.311959
    vertex -1.912728 -2.632645 -6.757267
    vertex -2.301016 -2.301016 -6.757267
  endloop
endfacet
facet normal -0.173046 -0.282385 -0.943565
  outer loop
    vertex -0.980959 -1.350174 -7.311959
    vertex -0.757668 -1.487007 -7.311959
    vertex -1.477343 -2.899449 -6.757267
  endloop
endfacet
facet normal -0.173046 -0.282385 -0.943565
  outer loop
    vertex -0.980959 -1.350174 -7.311959
    vertex -1.477343 -2.899449 -6.757267
    vertex -1.912728 -2.632645 -6.757267
  endloop
endfacet
facet normal -0.126740 -0.305978 -0.943565
  outer loop
    vertex -0.757668 -1.487007 -7.311959
    vertex -0.515721 -1.587225 -7.311959
    vertex -1.005581 -3.094860 -6.757267
  endloop
endfacet
facet normal -0.126740 -0.305978 -0.943565
  outer loop
    vertex -0.757668 -1.487007 -7.311959
    vertex -1.005581 -3.094860 -6.757267
    vertex -1.477343 -2.899449 -6.757267
  endloop
endfacet
facet normal -0.077314 -0.322038 -0.943565
  outer loop
    vertex -0.515721 -1.587225 -7.311959
    vertex -0.261075 -1.648360 -7.311959
    vertex -0.509058 -3.214064 -6.757267
  endloop
endfacet
facet normal -0.077314 -0.322038 -0.943565
  outer loop
    vertex -0.515721 -1.587225 -7.311959
    vertex -0.509058 -3.214064 -6.757267
    vertex -1.005581 -3.094860 -6.757267
  endloop
endfacet
facet normal -0.025985 -0.330168 -0.943565
  outer loop
    vertex -0.261075 -1.648360 -7.311959
    vertex -0.000000 -1.668907 -7.311959
    vertex -0.000000 -3.254128 -6.757267
  endloop
endfacet
facet normal -0.025985 -0.330168 -0.943565
  outer loop
    vertex -0.261075 -1.648360 -7.311959
    vertex -0.000000 -3.254128 -6.757267
    vertex -0.509058 -3.214064 -6.757267
  endloop
endfacet
facet normal 0.025985 -0.330168 -0.943565
  outer loop
    vertex -0.000000 -1.668907 -7.311959
    vertex 0.261075 -1.648360 -7.311959
    vertex 0.509058 -3.214064 -6.757267
  endloop
endfacet
facet normal 0.025985 -0.330168 -0.943565
  outer loop
    vertex -0.000000 -1.668907 -7.311959
    vertex 0.509058 -3.214064 -6.757267
    vertex -0.000000 -3.254128 -6.757267
  endloop
endfacet
facet normal 0.077314 -0.322038 -0.943565
  outer loop
    vertex 0.261075 -1.648360 -7.311959
    vertex 0.515721 -1.587225 -7.311959
    vertex 1.005581 -3.094860 -6.757267
  endloop
endfacet
facet normal 0.077314 -0.322038 -0.943565
  outer loop
    vertex 0.261075 -1.648360 -7.311959
    vertex 1.005581 -3.094860 -6.757267
    vertex 0.509058 -3.214064 -6.757267
  endloop
endfacet
facet normal 0.126740 -0.305978 -0.943565
  outer loop
    vertex 0.515721 -1.587225 -7.311959
    vertex 0.757668 -1.487007 -7.311959
    vertex 1.477343 -2.899449 -6.757267
  endloop
endfacet
facet normal 0.126740 -0.305978 -0.943565
  outer loop
    vertex 0.515721 -1.587225 -7.311959
    vertex 1.477343 -2.899449 -6.757267
    vertex 1.005581 -3.094860 -6.757267
  endloop
endfacet
facet normal 0.173046 -0.282385 -0.943565
  outer loop
    vertex 0.757668 -1.487007 -7.311959
    vertex 0.980959 -1.350174 -7.311959
    vertex 1.912728 -2.632645 -6.757267
  endloop
endfacet
facet normal 0.173046 -0.282385 -0.943565
  outer loop
    vertex 0.757668 -1.487007 -7.311959
    vertex 1.912728 -2.632645 -6.757267
    vertex 1.477343 -2.899449 -6.757267
  endloop
endfacet
facet normal 0.215090 -0.251838 -0.943565
  outer loop
    vertex 0.980959 -1.350174 -7.311959
    vertex 1.180095 -1.180095 -7.311959
    vertex 2.301016 -2.301016 -6.757267
  endloop
endfacet
facet normal 0.215090 -0.251838 -0.943565
  outer loop
    vertex 0.980959 -1.350174 -7.311959
    vertex 2.301016 -2.301016 -6.757267
    vertex 1.912728 -2.632645 -6.757267
  endloop
endfacet
facet normal 0.251838 -0.215090 -0.943565
  outer loop
    vertex 1.180095 -1.180095 -7.311959
    vertex 1.350174 -0.980959 -7.311959
    vertex 2.632645 -1.912728 -6.757267
  endloop
endfacet
facet normal 0.251838 -0.215090 -0.943565
  outer loop
    vertex 1.180095 -1.180095 -7.311959
    vertex 2.632645 -1.912728 -6.757267
    vertex 2.301016 -2.301016 -6.757267
  endloop
endfacet
facet normal 0.282385 -0.173046 -0.943565
  outer loop
    vertex 1.350174 -0.980959 -7.311959
    vertex 1.487007 -0.757668 -7.311959
    vertex 2.899449 -1.477343 -6.757267
  endloop
endfacet
facet normal 0.282385 -0.173046 -0.943565
  outer loop
    vertex 1.350174 -0.980959 -7.311959
    vertex 2.899449 -1.477343 -6.757267
    vertex 2.632645 -1.912728 -6.757267
  endloop
endfacet
facet normal 0.305978 -0.126740 -0.943565
  outer loop
    vertex 1.487007 -0.757668 -7.311959
    vertex 1.587225 -0.515721 -7.311959
    vertex 3.094860 -1.005581 -6.757267
  endloop
endfacet
facet normal 0.305978 -0.126740 -0.943565
  outer loop
    vertex 1.487007 -0.757668 -7.311959
    vertex 3.094860 -1.005581 -6.757267
    vertex 2.899449 -1.477343 -6.757267
  endloop
endfacet
facet normal 0.322038 -0.077314 -0.943565
  outer loop
    vertex 1.587225 -0.515721 -7.311959
    vertex 1.648360 -0.261075 -7.311959
    vertex 3.214064 -0.509058 -6.757267
  endloop
endfacet
facet normal 0.322038 -0.077314 -0.943565
  outer loop
    vertex 1.587225 -0.515721 -7.311959
    vertex 3.214064 -0.509058 -6.757267
    vertex 3.094860 -1.005581 -6.757267
  endloop
endfacet
facet normal 0.330168 -0.025985 -0.943565
  outer loop
    vertex 1.648360 -0.261075 -7.311959
    vertex 1.668907 0.000000 -7.311959
    vertex 3.254128 0.000000 -6.757267
  endloop
endfacet
facet normal 0.330168 -0.025985 -0.943565
  outer loop
    vertex 1.648360 -0.261075 -7.311959
    vertex 3.254128 0.000000 -6.757267
    vertex 3.214064 -0.509058 -6.757267
  endloop
endfacet
facet normal 0.531566 0.041835 -0.845983
  outer loop
    vertex 3.254128 0.000000 -6.757267
    vertex 3.214064 0.509058 -6.757267
    vertex 4.618602 0.731515 -5.863736
  endloop
endfacet
facet normal 0.531566 0.041835 -0.845983
  outer loop
    vertex 3.254128 0.000000 -6.757267
    vertex 4.618602 0.731515 -5.863736
    vertex 4.676174 0.000000 -5.863736
  endloop
endfacet
facet normal 0.518477 0.124475 -0.845983
  outer loop
    vertex 3.214064 0.509058 -6.757267
    vertex 3.094860 1.005581 -6.757267
    vertex 4.447305 1.445017 -5.863736
  endloop
endfacet
facet normal 0.518477 0.124475 -0.845983
  outer loop
    vertex 3.214064 0.509058 -6.757267
    vertex 4.447305 1.445017 -5.863736
    vertex 4.618602 0.731515 -5.863736
  endloop
endfacet
facet normal 0.492622 0.204051 -0.845983
  outer loop
    vertex 3.094860 1.005581 -6.757267
    vertex 2.899449 1.477343 -6.757267
    vertex 4.166501 2.122938 -5.863736
  endloop
endfacet
facet normal 0.492622 0.204051 -0.845983
  outer loop
    vertex 3.094860 1.005581 -6.757267
    vertex 4.166501 2.122938 -5.863736
    vertex 4.447305 1.445017 -5.863736
  endloop
endfacet
facet normal 0.454636 0.278601 -0.845983
  outer loop
    vertex 2.899449 1.477343 -6.757267
    vertex 2.632645 1.912728 -6.757267
    vertex 3.783104 2.748586 -5.863736
  endloop
endfacet
facet normal 0.454636 0.278601 -0.845983
  outer loop
    vertex 2.899449 1.477343 -6.757267
    vertex 3.783104 2.748586 -5.863736
    vertex 4.166501 2.122938 -5.863736
  endloop
endfacet
facet normal 0.405456 0.346292 -0.845983
  outer loop
    vertex 2.632645 1.912728 -6.757267
    vertex 2.301016 2.301016 -6.757267
    vertex 3.306554 3.306554 -5.863736
  endloop
endfacet
facet normal 0.405456 0.346292 -0.845983
  outer loop
    vertex 2.632645 1.912728 -6.757267
    vertex 3.306554 3.306554 -5.863736
    vertex 3.783104 2.748586 -5.863736
  endloop
endfacet
facet normal 0.346292 0.405456 -0.845983
  outer loop
    vertex 2.301016 2.301016 -6.757267
    vertex 1.912728 2.632645 -6.757267
    vertex 2.748586 3.783104 -5.863736
  endloop
endfacet
facet normal 0.346292 0.405456 -0.845983
  outer loop
    vertex 2.301016 2.301016 -6.757267
    vertex 2.748586 3.783104 -5.863736
    vertex 3.306554 3.306554 -5.863736
  endloop
endfacet
facet normal 0.278601 0.454636 -0.845983
  outer loop
    vertex 1.912728 2.632645 -6.757267
    vertex 1.477343 2.899449 -6.757267
    vertex 2.122938 4.166501 -5.863736
  endloop
endfacet
facet normal 0.278601 0.454636 -0.845983
  outer loop
    vertex 1.912728 2.632645 -6.757267
    vertex 2.122938 4.166501 -5.863736
    vertex 2.748586 3.783104 -5.863736
  endloop
endfacet
facet normal 0.204051 0.492622 -0.845983
  outer loop
    vertex 1.477343 2.899449 -6.757267
    vertex 1.005581 3.094860 -6.757267
    vertex 1.445017 4.447305 -5.863736
  endloop
endfacet
facet normal 0.204051 0.492622 -0.845983
  outer loop
    vertex 1.477343 2.899449 -6.757267
    vertex 1.445017 4.447305 -5.863736
    vertex 2.122938 4.166501 -5.863736
  endloop
endfacet
facet normal 0.124475 0.518477 -0.845983
  outer loop
    vertex 1.005581 3.094860 -6.757267
    vertex 0.509058 3.214064 -6.757267
    vertex 0.731515 4.618602 -5.863736
  endloop
endfacet
facet normal 0.124475 0.518477 -0.845983
  outer loop
    vertex 1.005581 3.094860 -6.757267
    vertex 0.731515 4.618602 -5.863736
    vertex 1.445017 4.447305 -5.863736
  endloop
endfacet
facet normal 0.041835 0.531566 -0.845983
  outer loop
    vertex 0.509058 3.214064 -6.757267
    vertex 0.000000 3.254128 -6.757267
    vertex 0.000000 4.676174 -5.863736
  endloop
endfacet
facet normal 0.041835 0.531566 -0.845983
  outer loop
    vertex 0.509058 3.214064 -6.757267
    vertex 0.000000 4.676174 -5.863736
    vertex 0.731515 4.618602 -5.863736
  endloop
endfacet
facet normal -0.041835 0.531566 -0.845983
  outer loop
    vertex 0.000000 3.254128 -6.757267
    vertex -0.509058 3.214064 -6.757267
    vertex -0.731515 4.618602 -5.863736
  endloop
endfacet
facet normal -0.041835 0.531566 -0.845983
  outer loop
    vertex 0.000000 3.254128 -6.757267
    vertex -0.731515 4.618602 -5.863736
    vertex 0.000000 4.676174 -5.863736
  endloop
endfacet
facet normal -0.124475 0.518477 -0.845983
  outer loop
    vertex -0.509058 3.214064 -6.757267
    vertex -1.005581 3.094860 -6.757267
    vertex -1.445017 4.447305 -5.863736
  endloop
endfacet
facet normal -0.124475 0.518477 -0.845983
  outer loop
    vertex -0.509058 3.214064 -6.757267
    vertex -1.445017 4.447305 -5.863736
    vertex -0.731515 4.618602 -5.863736
  endloop
endfacet
facet normal -0.204051 0.492622 -0.845983
  outer loop
    vertex -1.005581 3.094860 -6.757267
    vertex -1.477343 2.899449 -6.757267
    vertex -2.122938 4.166501 -5.863736
  endloop
endfacet
facet normal -0.204051 0.492622 -0.845983
  outer loop
    vertex -1.005581 3.094860 -6.757267
    vertex -2.122938 4.166501 -5.863736
    vertex -1.445017 4.447305 -5.863736
  endloop
endfacet
facet normal -0.278601 0.454636 -0.845983
  outer loop
    vertex -1.477343 2.899449 -6.757267
    vertex -1.912728 2.632645 -6.757267
    vertex -2.748586 3.783104 -5.863736
  endloop
endfacet
facet normal -0.278601 0.454636 -0.845983
  outer loop
    vertex -1.477343 2.899449 -6.757267
    vertex -2.748586 3.783104 -5.863736
    vertex -2.122938 4.166501 -5.863736
  endloop
endfacet
facet normal -0.346292 0.405456 -0.845983
  outer loop
    vertex -1.912728 2.632645 -6.757267
    vertex -2.301016 2.301016 -6.757267
    vertex -3.306554 3.306554 -5.863736
  endloop
endfacet
facet normal -0.346292 0.405456 -0.845983
  outer loop
    vertex -1.912728 2.632645 -6.757267
    vertex -3.306554 3.306554 -5.863736
    vertex -2.748586 3.783104 -5.863736
  endloop
endfacet
facet normal -0.405456 0.346292 -0.845983
  outer loop
    vertex -2.301016 2.301016 -6.757267
    vertex -2.632645 1.912728 -6.757267
    vertex -3.783104 2.748586 -5.863736
  endloop
endfacet
facet normal -0.405456 0.346292 -0.845983
  outer loop
    vertex -2.301016 2.301016 -6.757267
    vertex -3.783104 2.748586 -5.863736
    vertex -3.306554 3.306554 -5.863736
  endloop
endfacet
facet normal -0.454636 0.278601 -0.845983
  outer loop
    vertex -2.632645 1.912728 -6.757267
    vertex -2.899449 1.477343 -6.757267
    vertex -4.166501 2.122938 -5.863736
  endloop
endfacet
facet normal -0.454636 0.278601 -0.845983
  outer loop
    vertex -2.632645 1.912728 -6.757267
    vertex -4.166501 2.122938 -5.863736
    vertex -3.783104 2.748586 -5.863736
  endloop
endfacet
facet normal -0.492622 0.204051 -0.845983
  outer loop
    vertex -2.899449 1.477343 -6.757267
    vertex -3.094860 1.005581 -6.757267
    vertex -4.447305 1.445017 -5.863736
  endloop
endfacet
facet normal -0.492622 0.204051 -0.845983
  outer loop
    vertex -2.899449 1.477343 -6.757267
    vertex -4.447305 1.445017 -5.863736
    vertex -4.166501 2.122938 -5.863736
  endloop
endfacet
facet normal -0.518477 0.124475 -0.845983
  outer loop
    vertex -3.094860 1.005581 -6.757267
    vertex -3.214064 0.509058 -6.757267
    vertex -4.618602 0.731515 -5.863736
  endloop
endfacet
facet normal -0.518477 0.124475 -0.845983
  outer loop
    vertex -3.094860 1.005581 -6.757267
    vertex -4.618602 0.731515 -5.863736
    vertex -4.447305 1.445017 -5.863736
  endloop
endfacet
facet normal -0.531566 0.041835 -0.845983
  outer loop
    vertex -3.214064 0.509058 -6.757267
    vertex -3.254128 0.000000 -6.757267
    vertex -4.676174 0.000000 -5.863736
  endloop
endfacet
facet normal -0.531566 0.041835 -0.845983
  outer loop
    vertex -3.214064 0.509058 -6.757267
    vertex -4.676174 0.000000 -5.863736
    vertex -4.618602 0.731515 -5.863736
  endloop
endfacet
facet normal -0.531566 -0.041835 -0.845983
  outer loop
    vertex -3.254128 0.000000 -6.757267
    vertex -3.214064 -0.509058 -6.757267
    vertex -4.618602 -0.731515 -5.863736
  endloop
endfacet
facet normal -0.531566 -0.041835 -0.845983
  outer loop
    vertex -3.254128 0.000000 -6.757267
    vertex -4.618602 -0.731515 -5.863736
    vertex -4.676174 0.000000 -5.863736
  endloop
endfacet
facet normal -0.518477 -0.124475 -0.845983
  outer loop
    vertex -3.214064 -0.509058 -6.757267
    vertex -3.094860 -1.005581 -6.757267
    vertex -4.447305 -1.445017 -5.863736
  endloop
endfacet
facet normal -0.518477 -0.124475 -0.845983
  outer loop
    vertex -3.214064 -0.509058 -6.757267
    vertex -4.447305 -1.445017 -5.863736
    vertex -4.618602 -0.731515 -5.863736
  endloop
endfacet
facet normal -0.492622 -0.204051 -0.845983
  outer loop
    vertex -3.094860 -1.005581 -6.757267
    vertex -2.899449 -1.477343 -6.757267
    vertex -4.166501 -2.122938 -5.863736
  endloop
endfacet
facet normal -0.492622 -0.204051 -0.845983
  outer loop
    vertex -3.094860 -1.005581 -6.757267
    vertex -4.166501 -2.122938 -5.863736
    vertex -4.447305 -1.445017 -5.863736
  endloop
endfacet
facet normal -0.454636 -0.278601 -0.845983
  outer loop
    vertex -2.899449 -1.477343 -6.757267
    vertex -2.632645 -1.912728 -6.757267
    vertex -3.783104 -2.748586 -5.863736
  endloop
endfacet
facet normal -0.454636 -0.278601 -0.845983
  outer loop
    vertex -2.899449 -1.477343 -6.757267
    vertex -3.783104 -2.748586 -5.863736
    vertex -4.166501 -2.122938 -5.863736
  endloop
endfacet
facet normal -0.405456 -0.346292 -0.845983
  outer loop
    vertex -2.632645 -1.912728 -6.757267
    vertex -2.301016 -2.301016 -6.757267
    vertex -3.306554 -3.306554 -5.863736
  endloop
endfacet
facet normal -0.405456 -0.346292 -0.845983
  outer loop
    vertex -2.632645 -1.912728 -6.757267
    vertex -3.306554 -3.306554 -5.863736
    vertex -3.783104 -2.748586 -5.863736
  endloop
endfacet
facet normal -0.346292 -0.405456 -0.845983
  outer loop
    vertex -2.301016 -2.301016 -6.757267
    vertex -1.912728 -2.632645 -6.757267
    vertex -2.748586 -3.783104 -5.863736
  endloop
endfacet
facet normal -0.346292 -0.405456 -0.845983
  outer loop
    vertex -2.301016 -2.301016 -6.757267
    vertex -2.748586 -3.783104 -5.863736
    vertex -3.306554 -3.306554 -5.863736
  endloop
endfacet
facet normal -0.278601 -0.454636 -0.845983
  outer loop
    vertex -1.912728 -2.632645 -6.757267
    vertex -1.477343 -2.899449 -6.757267
    vertex -2.122938 -4.166501 -5.863736
  endloop
endfacet
facet normal -0.278601 -0.454636 -0.845983
  outer loop
    vertex -1.912728 -2.632645 -6.757267
    vertex -2.122938 -4.166501 -5.863736
    vertex -2.748586 -3.783104 -5.863736
  endloop
endfacet
facet normal -0.204051 -0.492622 -0.845983
  outer loop
    vertex -1.477343 -2.899449 -6.757267
    vertex -1.005581 -3.094860 -6.757267
    vertex -1.445017 -4.447305 -5.863736
  endloop
endfacet
facet normal -0.204051 -0.492622 -0.845983
  outer loop
    vertex -1.477343 -2.899449 -6.757267
    vertex -1.445017 -4.447305 -5.863736
    vertex -2.122938 -4.166501 -5.863736
  endloop
endfacet
facet normal -0.124475 -0.518477 -0.845983
  outer loop
    vertex -1.005581 -3.094860 -6.757267
    vertex -0.509058 -3.214064 -6.757267
    vertex -0.731515 -4.618602 -5.863736
  endloop
endfacet
facet normal -0.124475 -0.518477 -0.845983
  outer loop
    vertex -1.005581 -3.094860 -6.757267
    vertex -0.731515 -4.618602 -5.863736
    vertex -1.445017 -4.447305 -5.863736
  endloop
endfacet
facet normal -0.041835 -0.531566 -0.845983
  outer loop
    vertex -0.509058 -3.214064 -6.757267
    vertex -0.000000 -3.254128 -6.757267
    vertex -0.000000 -4.676174 -5.863736
  endloop
endfacet
facet normal -0.041835 -0.531566 -0.845983
  outer loop
    vertex -0.509058 -3.214064 -6.757267
    vertex -0.000000 -4.676174 -5.863736
    vertex -0.731515 -4.618602 -5.863736
  endloop
endfacet
facet normal 0.041835 -0.531566 -0.845983
  outer loop
    vertex -0.000000 -3.254128 -6.757267
    vertex 0.509058 -3.214064 -6.757267
    vertex 0.731515 -4.618602 -5.863736
  endloop
endfacet
facet normal 0.041835 -0.531566 -0.845983
  outer loop
    vertex -0.000000 -3.254128 -6.757267
    vertex 0.731515 -4.618602 -5.863736
    vertex -0.000000 -4.676174 -5.863736
  endloop
endfacet
facet normal 0.124475 -0.518477 -0.845983
  outer loop
    vertex 0.509058 -3.214064 -6.757267
    vertex 1.005581 -3.094860 -6.757267
    vertex 1.445017 -4.447305 -5.863736
  endloop
endfacet
facet normal 0.124475 -0.518477 -0.845983
  outer loop
    vertex 0.509058 -3.214064 -6.757267
    vertex 1.445017 -4.447305 -5.863736
    vertex 0.731515 -4.618602 -5.863736
  endloop
endfacet
facet normal 0.204051 -0.492622 -0.845983
  outer loop
    vertex 1.005581 -3.094860 -6.757267
    vertex 1.477343 -2.899449 -6.757267
    vertex 2.122938 -4.166501 -5.863736
  endloop
endfacet
facet normal 0.204051 -0.492622 -0.845983
  outer loop
    vertex 1.005581 -3.094860 -6.757267
    vertex 2.122938 -4.166501 -5.863736
    vertex 1.445017 -4.447305 -5.863736
  endloop
endfacet
facet normal 0.278601 -0.454636 -0.845983
  outer loop
    vertex 1.477343 -2.899449 -6.757267
    vertex 1.912728 -2.632645 -6.757267
    vertex 2.748586 -3.783104 -5.863736
  endloop
endfacet
facet normal 0.278601 -0.454636 -0.845983
  outer loop
    vertex 1.477343 -2.899449 -6.757267
    vertex 2.748586 -3.783104 -5.863736
    vertex 2.122938 -4.166501 -5.863736
  endloop
endfacet
facet normal 0.346292 -0.405456 -0.845983
  outer loop
    vertex 1.912728 -2.632645 -6.757267
    vertex 2.301016 -2.301016 -6.757267
    vertex 3.306554 -3.306554 -5.863736
  endloop
endfacet
facet normal 0.346292 -0.405456 -0.845983
  outer loop
    vertex 1.912728 -2.632645 -6.757267
    vertex 3.306554 -3.306554 -5.863736
    vertex 2.748586 -3.783104 -5.863736
  endloop
endfacet
facet normal 0.405456 -0.346292 -0.845983
  outer loop
    vertex 2.301016 -2.301016 -6.757267
    vertex 2.632645 -1.912728 -6.757267
    vertex 3.783104 -2.748586 -5.863736
  endloop
endfacet
facet normal 0.405456 -0.346292 -0.845983
  outer loop
    vertex 2.301016 -2.301016 -6.757267
    vertex 3.783104 -2.748586 -5.863736
    vertex 3.306554 -3.306554 -5.863736
  endloop
endfacet
facet normal 0.454636 -0.278601 -0.845983
  outer loop
    vertex 2.632645 -1.912728 -6.757267
    vertex 2.899449 -1.477343 -6.757267
    vertex 4.166501 -2.122938 -5.863736
  endloop
endfacet
facet normal 0.454636 -0.278601 -0.845983
  outer loop
    vertex 2.632645 -1.912728 -6.757267
    vertex 4.166501 -2.122938 -5.863736
    vertex 3.783104 -2.748586 -5.863736
  endloop
endfacet
facet normal 0.492622 -0.204051 -0.845983
  outer loop
    vertex 2.899449 -1.477343 -6.757267
    vertex 3.094860 -1.005581 -6.757267
    vertex 4.447305 -1.445017 -5.863736
  endloop
endfacet
facet normal 0.492622 -0.204051 -0.845983
  outer loop
    vertex 2.899449 -1.477343 -6.757267
    vertex 4.447305 -1.445017 -5.863736
    vertex 4.166501 -2.122938 -5.863736
  endloop
endfacet
facet normal 0.518477 -0.124475 -0.845983
  outer loop
    vertex 3.094860 -1.005581 -6.757267
    vertex 3.214064 -0.509058 -6.757267
    vertex 4.618602 -0.731515 -5.863736
  endloop
endfacet
facet normal 0.518477 -0.124475 -0.845983
  outer loop
    vertex 3.094860 -1.005581 -6.757267
    vertex 4.618602 -0.731515 -5.863736
    vertex 4.447305 -1.445017 -5.863736
  endloop
endfacet
facet normal 0.531566 -0.041835 -0.845983
  outer loop
    vertex 3.214064 -0.509058 -6.757267
    vertex 3.254128 0.000000 -6.757267
    vertex 4.676174 0.000000 -5.863736
  endloop
endfacet
facet normal 0.531566 -0.041835 -0.845983
  outer loop
    vertex 3.214064 -0.509058 -6.757267
    vertex 4.676174 0.000000 -5.863736
    vertex 4.618602 -0.731515 -5.863736
  endloop
endfacet
facet normal 0.706014 0.055565 -0.706014
  outer loop
    vertex 4.676174 0.000000 -5.863736
    vertex 4.618602 0.731515 -5.863736
    vertex 5.791544 0.917290 -4.676174
  endloop
endfacet
facet normal 0.706014 0.055565 -0.706014
  outer loop
    vertex 4.676174 0.000000 -5.863736
    vertex 5.791544 0.917290 -4.676174
    vertex 5.863736 0.000000 -4.676174
  endloop
endfacet
facet normal 0.688630 0.165325 -0.706014
  outer loop
    vertex 4.618602 0.731515 -5.863736
    vertex 4.447305 1.445017 -5.863736
    vertex 5.576744 1.811994 -4.676174
  endloop
endfacet
facet normal 0.688630 0.165325 -0.706014
  outer loop
    vertex 4.618602 0.731515 -5.863736
    vertex 5.576744 1.811994 -4.676174
    vertex 5.791544 0.917290 -4.676174
  endloop
endfacet
facet normal 0.654289 0.271015 -0.706014
  outer loop
    vertex 4.447305 1.445017 -5.863736
    vertex 4.166501 2.122938 -5.863736
    vertex 5.224627 2.662080 -4.676174
  endloop
endfacet
facet normal 0.654289 0.271015 -0.706014
  outer loop
    vertex 4.447305 1.445017 -5.863736
    vertex 5.224627 2.662080 -4.676174
    vertex 5.576744 1.811994 -4.676174
  endloop
endfacet
facet normal 0.603838 0.370032 -0.706014
  outer loop
    vertex 4.166501 2.122938 -5.863736
    vertex 3.783104 2.748586 -5.863736
    vertex 4.743862 3.446618 -4.676174
  endloop
endfacet
facet normal 0.603838 0.370032 -0.706014
  outer loop
    vertex 4.166501 2.122938 -5.863736
    vertex 4.743862 3.446618 -4.676174
    vertex 5.224627 2.662080 -4.676174
  endloop
endfacet
facet normal 0.538518 0.459937 -0.706014
  outer loop
    vertex 3.783104 2.748586 -5.863736
    vertex 3.306554 3.306554 -5.863736
    vertex 4.146288 4.146288 -4.676174
  endloop
endfacet
facet normal 0.538518 0.459937 -0.706014
  outer loop
    vertex 3.783104 2.748586 -5.863736
    vertex 4.146288 4.146288 -4.676174
    vertex 4.743862 3.446618 -4.676174
  endloop
endfacet
facet normal 0.459937 0.538518 -0.706014
  outer loop
    vertex 3.306554 3.306554 -5.863736
    vertex 2.748586 3.783104 -5.863736
    vertex 3.446618 4.743862 -4.676174
  endloop
endfacet
facet normal 0.459937 0.538518 -0.706014
  outer loop
    vertex 3.306554 3.306554 -5.863736
    vertex 3.446618 4.743862 -4.676174
    vertex 4.146288 4.146288 -4.676174
  endloop
endfacet
facet normal 0.370032 0.603838 -0.706014
  outer loop
    vertex 2.748586 3.783104 -5.863736
    vertex 2.122938 4.166501 -5.863736
    vertex 2.662080 5.224627 -4.676174
  endloop
endfacet
facet normal 0.370032 0.603838 -0.706014
  outer loop
    vertex 2.748586 3.783104 -5.863736
    vertex 2.662080 5.224627 -4.676174
    vertex 3.446618 4.743862 -4.676174
  endloop
endfacet
facet normal 0.271015 0.654289 -0.706014
  outer loop
    vertex 2.122938 4.166501 -5.863736
    vertex 1.445017 4.447305 -5.863736
    vertex 1.811994 5.576744 -4.676174
  endloop
endfacet
facet normal 0.271015 0.654289 -0.706014
  outer loop
    vertex 2.122938 4.166501 -5.863736
    vertex 1.811994 5.576744 -4.676174
    vertex 2.662080 5.224627 -4.676174
  endloop
endfacet
facet normal 0.165325 0.688630 -0.706014
  outer loop
    vertex 1.445017 4.447305 -5.863736
    vertex 0.731515 4.618602 -5.863736
    vertex 0.917290 5.791544 -4.676174
  endloop
endfacet
facet normal 0.165325 0.688630 -0.706014
  outer loop
    vertex 1.445017 4.447305 -5.863736
    vertex 0.917290 5.791544 -4.676174
    vertex 1.811994 5.576744 -4.676174
  endloop
endfacet
facet normal 0.055565 0.706014 -0.706014
  outer loop
    vertex 0.731515 4.618602 -5.863736
    vertex 0.000000 4.676174 -5.863736
    vertex 0.000000 5.863736 -4.676174
  endloop
endfacet
facet normal 0.055565 0.706014 -0.706014
  outer loop
    vertex 0.731515 4.618602 -5.863736
    vertex 0.000000 5.863736 -4.676174
    vertex 0.917290 5.791544 -4.676174
  endloop
endfacet
facet normal -0.055565 0.706014 -0.706014
  outer loop
    vertex 0.000000 4.676174 -5.863736
    vertex -0.731515 4.618602 -5.863736
    vertex -0.917290 5.791544 -4.676174
  endloop
endfacet
facet normal -0.055565 0.706014 -0.706014
  outer loop
    vertex 0.000000 4.676174 -5.863736
    vertex -0.917290 5.791544 -4.676174
    vertex 0.000000 5.863736 -4.676174
  endloop
endfacet
facet normal -0.165325 0.688630 -0.706014
  outer loop
    vertex -0.731515 4.618602 -5.863736
    vertex -1.445017 4.447305 -5.863736
    vertex -1.811994 5.576744 -4.676174
  endloop
endfacet
facet normal -0.165325 0.688630 -0.706014
  outer loop
    vertex -0.731515 4.618602 -5.863736
    vertex -1.811994 5.576744 -4.676174
    vertex -0.917290 5.791544 -4.676174
  endloop
endfacet
facet normal -0.271015 0.654289 -0.706014
  outer loop
    vertex -1.445017 4.447305 -5.863736
    vertex -2.122938 4.166501 -5.863736
    vertex -2.662080 5.224627 -4.676174
  endloop
endfacet
facet normal -0.271015 0.654289 -0.706014
  outer loop
    vertex -1.445017 4.447305 -5.863736
    vertex -2.662080 5.224627 -4.676174
    vertex -1.811994 5.576744 -4.676174
  endloop
endfacet
facet normal -0.370032 0.603838 -0.706014
  outer loop
    vertex -2.122938 4.166501 -5.863736
    vertex -2.748586 3.783104 -5.863736
    vertex -3.446618 4.743862 -4.676174
  endloop
endfacet
facet normal -0.370032 0.603838 -0.706014
  outer loop
    vertex -2.122938 4.166501 -5.863736
    vertex -3.446618 4.743862 -4.676174
    vertex -2.662080 5.224627 -4.676174
  endloop
endfacet
facet normal -0.459937 0.538518 -0.706014
  outer loop
    vertex -2.748586 3.783104 -5.863736
    vertex -3.306554 3.306554 -5.863736
    vertex -4.146288 4.146288 -4.676174
  endloop
endfacet
facet normal -0.459937 0.538518 -0.706014
  outer loop
    vertex -2.748586 3.783104 -5.863736
    vertex -4.146288 4.146288 -4.676174
    vertex -3.446618 4.743862 -4.676174
  endloop
endfacet
facet normal -0.538518 0.459937 -0.706014
  outer loop
    vertex -3.306554 3.306554 -5.863736
    vertex -3.783104 2.748586 -5.863736
    vertex -4.743862 3.446618 -4.676174
  endloop
endfacet
facet normal -0.538518 0.459937 -0.706014
  outer loop
    vertex -3.306554 3.306554 -5.863736
    vertex -4.743862 3.446618 -4.676174
    vertex -4.146288 4.146288 -4.676174
  endloop
endfacet
facet normal -0.603838 0.370032 -0.706014
  outer loop
    vertex -3.783104 2.748586 -5.863736
    vertex -4.166501 2.122938 -5.863736
    vertex -5.224627 2.662080 -4.676174
  endloop
endfacet
facet normal -0.603838 0.370032 -0.706014
  outer loop
    vertex -3.783104 2.748586 -5.863736
    vertex -5.224627 2.662080 -4.676174
    vertex -4.743862 3.446618 -4.676174
  endloop
endfacet
facet normal -0.654289 0.271015 -0.706014
  outer loop
    vertex -4.166501 2.122938 -5.863736
    vertex -4.447305 1.445017 -5.863736
    vertex -5.576744 1.811994 -4.676174
  endloop
endfacet
facet normal -0.654289 0.271015 -0.706014
  outer loop
    vertex -4.166501 2.122938 -5.863736
    vertex -5.576744 1.811994 -4.676174
    vertex -5.224627 2.662080 -4.676174
  endloop
endfacet
facet normal -0.688630 0.165325 -0.706014
  outer loop
    vertex -4.447305 1.445017 -5.863736
    vertex -4.618602 0.731515 -5.863736
    vertex -5.791544 0.917290 -4.676174
  endloop
endfacet
facet normal -0.688630 0.165325 -0.706014
  outer loop
    vertex -4.447305 1.445017 -5.863736
    vertex -5.791544 0.917290 -4.676174
    vertex -5.576744 1.811994 -4.676174
  endloop
endfacet
facet normal -0.706014 0.055565 -0.706014
  outer loop
    vertex -4.618602 0.731515 -5.863736
    vertex -4.676174 0.000000 -5.863736
    vertex -5.863736 0.000000 -4.676174
  endloop
endfacet
facet normal -0.706014 0.055565 -0.706014
  outer loop
    vertex -4.618602 0.731515 -5.863736
    vertex -5.863736 0.000000 -4.676174
    vertex -5.791544 0.917290 -4.676174
  endloop
endfacet
facet normal -0.706014 -0.055565 -0.706014
  outer loop
    vertex -4.676174 0.000000 -5.863736
    vertex -4.618602 -0.731515 -5.863736
    vertex -5.791544 -0.917290 -4.676174
  endloop
endfacet
facet normal -0.706014 -0.055565 -0.706014
  outer loop
    vertex -4.676174 0.000000 -5.863736
    vertex -5.791544 -0.917290 -4.676174
    vertex -5.863736 0.000000 -4.676174
  endloop
endfacet
facet normal -0.688630 -0.165325 -0.706014
  outer loop
    vertex -4.618602 -0.731515 -5.863736
    vertex -4.447305 -1.445017 -5.863736
    vertex -5.576744 -1.811994 -4.676174
  endloop
endfacet
facet normal -0.688630 -0.165325 -0.706014
  outer loop
    vertex -4.618602 -0.731515 -5.863736
    vertex -5.576744 -1.811994 -4.676174
    vertex -5.791544 -0.917290 -4.676174
  endloop
endfacet
facet normal -0.654289 -0.271015 -0.706014
  outer loop
    vertex -4.447305 -1.445017 -5.863736
    vertex -4.166501 -2.122938 -5.863736
    vertex -5.224627 -2.662080 -4.676174
  endloop
endfacet
facet normal -0.654289 -0.271015 -0.706014
  outer loop
    vertex -4.447305 -1.445017 -5.863736
    vertex -5.224627 -2.662080 -4.676174
    vertex -5.576744 -1.811994 -4.676174
  endloop
endfacet
facet normal -0.603838 -0.370032 -0.706014
  outer loop
    vertex -4.166501 -2.122938 -5.863736
    vertex -3.783104 -2.748586 -5.863736
    vertex -4.743862 -3.446618 -4.676174
  endloop
endfacet
facet normal -0.603838 -0.370032 -0.706014
  outer loop
    vertex -4.166501 -2.122938 -5.863736
    vertex -4.743862 -3.446618 -4.676174
    vertex -5.224627 -2.662080 -4.676174
  endloop
endfacet
facet normal -0.538518 -0.459937 -0.706014
  outer loop
    vertex -3.783104 -2.748586 -5.863736
    vertex -3.306554 -3.306554 -5.863736
    vertex -4.146288 -4.146288 -4.676174
  endloop
endfacet
facet normal -0.538518 -0.459937 -0.706014
  outer loop
    vertex -3.783104 -2.748586 -5.863736
    vertex -4.146288 -4.146288 -4.676174
    vertex -4.743862 -3.446618 -4.676174
  endloop
endfacet
facet normal -0.459937 -0.538518 -0.706014
  outer loop
    vertex -3.306554 -3.306554 -5.863736
    vertex -2.748586 -3.783104 -5.863736
    vertex -3.446618 -4.743862 -4.676174
  endloop
endfacet
facet normal -0.459937 -0.538518 -0.706014
  outer loop
    vertex -3.306554 -3.306554 -5.863736
    vertex -3.446618 -4.743862 -4.676174
    vertex -4.146288 -4.146288 -4.676174
  endloop
endfacet
facet normal -0.370032 -0.603838 -0.706014
  outer loop
    vertex -2.748586 -3.783104 -5.863736
    vertex -2.122938 -4.166501 -5.863736
    vertex -2.662080 -5.224627 -4.676174
  endloop
endfacet
facet normal -0.370032 -0.603838 -0.706014
  outer loop
    vertex -2.748586 -3.783104 -5.863736
    vertex -2.662080 -5.224627 -4.676174
    vertex -3.446618 -4.743862 -4.676174
  endloop
endfacet
facet normal -0.271015 -0.654289 -0.706014
  outer loop
    vertex -2.122938 -4.166501 -5.863736
    vertex -1.445017 -4.447305 -5.863736
    vertex -1.811994 -5.576744 -4.676174
  endloop
endfacet
facet normal -0.271015 -0.654289 -0.706014
  outer loop
    vertex -2.122938 -4.166501 -5.863736
    vertex -1.811994 -5.576744 -4.676174
    vertex -2.662080 -5.224627 -4.676174
  endloop
endfacet
facet normal -0.165325 -0.688630 -0.706014
  outer loop
    vertex -1.445017 -4.447305 -5.863736
    vertex -0.731515 -4.618602 -5.863736
    vertex -0.917290 -5.791544 -4.676174
  endloop
endfacet
facet normal -0.165325 -0.688630 -0.706014
  outer loop
    vertex -1.445017 -4.447305 -5.863736
    vertex -0.917290 -5.791544 -4.676174
    vertex -1.811994 -5.576744 -4.676174
  endloop
endfacet
facet normal -0.055565 -0.706014 -0.706014
  outer loop
    vertex -0.731515 -4.618602 -5.863736
    vertex -0.000000 -4.676174 -5.863736
    vertex -0.000000 -5.863736 -4.676174
  endloop
endfacet
facet normal -0.055565 -0.706014 -0.706014
  outer loop
    vertex -0.731515 -4.618602 -5.863736
    vertex -0.000000 -5.863736 -4.676174
    vertex -0.917290 -5.791544 -4.676174
  endloop
endfacet
facet normal 0.055565 -0.706014 -0.706014
  outer loop
    vertex -0.000000 -4.676174 -5.863736
    vertex 0.731515 -4.618602 -5.863736
    vertex 0.917290 -5.791544 -4.676174
  endloop
endfacet
facet normal 0.055565 -0.706014 -0.706014
  outer loop
    vertex -0.000000 -4.676174 -5.863736
    vertex 0.917290 -5.791544 -4.676174
    vertex -0.000000 -5.863736 -4.676174
  endloop
endfacet
facet normal 0.165325 -0.688630 -0.706014
  outer loop
    vertex 0.731515 -4.618602 -5.863736
    vertex 1.445017 -4.447305 -5.863736
    vertex 1.811994 -5.576744 -4.676174
  endloop
endfacet
facet normal 0.165325 -0.688630 -0.706014
  outer loop
    vertex 0.731515 -4.618602 -5.863736
    vertex 1.811994 -5.576744 -4.676174
    vertex 0.917290 -5.791544 -4.676174
  endloop
endfacet
facet normal 0.271015 -0.654289 -0.706014
  outer loop
    vertex 1.445017 -4.447305 -5.863736
    vertex 2.122938 -4.166501 -5.863736
    vertex 2.662080 -5.224627 -4.676174
  endloop
endfacet
facet normal 0.271015 -0.654289 -0.706014
  outer loop
    vertex 1.445017 -4.447305 -5.863736
    vertex 2.662080 -5.224627 -4.676174
    vertex 1.811994 -5.576744 -4.676174
  endloop
endfacet
facet normal 0.370032 -0.603838 -0.706014
  outer loop
    vertex 2.122938 -4.166501 -5.863736
    vertex 2.748586 -3.783104 -5.863736
    vertex 3.446618 -4.743862 -4.676174
  endloop
endfacet
facet normal 0.370032 -0.603838 -0.706014
  outer loop
    vertex 2.122938 -4.166501 -5.863736
    vertex 3.446618 -4.743862 -4.676174
    vertex 2.662080 -5.224627 -4.676174
  endloop
endfacet
facet normal 0.459937 -0.538518 -0.706014
  outer loop
    vertex 2.748586 -3.783104 -5.863736
    vertex 3.306554 -3.306554 -5.863736
    vertex 4.146288 -4.146288 -4.676174
  endloop
endfacet
facet normal 0.459937 -0.538518 -0.706014
  outer loop
    vertex 2.748586 -3.783104 -5.863736
    vertex 4.146288 -4.146288 -4.676174
    vertex 3.446618 -4.743862 -4.676174
  endloop
endfacet
facet normal 0.538518 -0.459937 -0.706014
  outer loop
    vertex 3.306554 -3.306554 -5.863736
    vertex 3.783104 -2.748586 -5.863736
    vertex 4.743862 -3.446618 -4.676174
  endloop
endfacet
facet normal 0.538518 -0.459937 -0.706014
  outer loop
    vertex 3.306554 -3.306554 -5.863736
    vertex 4.743862 -3.446618 -4.676174
    vertex 4.146288 -4.146288 -4.676174
  endloop
endfacet
facet normal 0.603838 -0.370032 -0.706014
  outer loop
    vertex 3.783104 -2.748586 -5.863736
    vertex 4.166501 -2.122938 -5.863736
    vertex 5.224627 -2.662080 -4.676174
  endloop
endfacet
facet normal 0.603838 -0.370032 -0.706014
  outer loop
    vertex 3.783104 -2.748586 -5.863736
    vertex 5.224627 -2.662080 -4.676174
    vertex 4.743862 -3.446618 -4.676174
  endloop
endfacet
facet normal 0.654289 -0.271015 -0.706014
  outer loop
    vertex 4.166501 -2.122938 -5.863736
    vertex 4.447305 -1.445017 -5.863736
    vertex 5.576744 -1.811994 -4.676174
  endloop
endfacet
facet normal 0.654289 -0.271015 -0.706014
  outer loop
    vertex 4.166501 -2.122938 -5.863736
    vertex 5.576744 -1.811994 -4.676174
    vertex 5.224627 -2.662080 -4.676174
  endloop
endfacet
facet normal 0.688630 -0.165325 -0.706014
  outer loop
    vertex 4.447305 -1.445017 -5.863736
    vertex 4.618602 -0.731515 -5.863736
    vertex 5.791544 -0.917290 -4.676174
  endloop
endfacet
facet normal 0.688630 -0.165325 -0.706014
  outer loop
    vertex 4.447305 -1.445017 -5.863736
    vertex 5.791544 -0.917290 -4.676174
    vertex 5.576744 -1.811994 -4.676174
  endloop
endfacet
facet normal 0.706014 -0.055565 -0.706014
  outer loop
    vertex 4.618602 -0.731515 -5.863736
    vertex 4.676174 0.000000 -5.863736
    vertex 5.863736 0.000000 -4.676174
  endloop
endfacet
facet normal 0.706014 -0.055565 -0.706014
  outer loop
    vertex 4.618602 -0.731515 -5.863736
    vertex 5.863736 0.000000 -4.676174
    vertex 5.791544 -0.917290 -4.676174
  endloop
endfacet
facet normal 0.844850 0.066491 -0.530855
  outer loop
    vertex 5.863736 0.000000 -4.676174
    vertex 5.791544 0.917290 -4.676174
    vertex 6.674073 1.057069 -3.254128
  endloop
endfacet
facet normal 0.844850 0.066491 -0.530855
  outer loop
    vertex 5.863736 0.000000 -4.676174
    vertex 6.674073 1.057069 -3.254128
    vertex 6.757267 0.000000 -3.254128
  endloop
endfacet
facet normal 0.824047 0.197836 -0.530855
  outer loop
    vertex 5.791544 0.917290 -4.676174
    vertex 5.576744 1.811994 -4.676174
    vertex 6.426542 2.088110 -3.254128
  endloop
endfacet
facet normal 0.824047 0.197836 -0.530855
  outer loop
    vertex 5.791544 0.917290 -4.676174
    vertex 6.426542 2.088110 -3.254128
    vertex 6.674073 1.057069 -3.254128
  endloop
endfacet
facet normal 0.782954 0.324310 -0.530855
  outer loop
    vertex 5.576744 1.811994 -4.676174
    vertex 5.224627 2.662080 -4.676174
    vertex 6.020769 3.067735 -3.254128
  endloop
endfacet
facet normal 0.782954 0.324310 -0.530855
  outer loop
    vertex 5.576744 1.811994 -4.676174
    vertex 6.020769 3.067735 -3.254128
    vertex 6.426542 2.088110 -3.254128
  endloop
endfacet
facet normal 0.722581 0.442798 -0.530855
  outer loop
    vertex 5.224627 2.662080 -4.676174
    vertex 4.743862 3.446618 -4.676174
    vertex 5.466743 3.971822 -3.254128
  endloop
endfacet
facet normal 0.722581 0.442798 -0.530855
  outer loop
    vertex 5.224627 2.662080 -4.676174
    vertex 5.466743 3.971822 -3.254128
    vertex 6.020769 3.067735 -3.254128
  endloop
endfacet
facet normal 0.644416 0.550383 -0.530855
  outer loop
    vertex 4.743862 3.446618 -4.676174
    vertex 4.146288 4.146288 -4.676174
    vertex 4.778109 4.778109 -3.254128
  endloop
endfacet
facet normal 0.644416 0.550383 -0.530855
  outer loop
    vertex 4.743862 3.446618 -4.676174
    vertex 4.778109 4.778109 -3.254128
    vertex 5.466743 3.971822 -3.254128
  endloop
endfacet
facet normal 0.550383 0.644416 -0.530855
  outer loop
    vertex 4.146288 4.146288 -4.676174
    vertex 3.446618 4.743862 -4.676174
    vertex 3.971822 5.466743 -3.254128
  endloop
endfacet
facet normal 0.550383 0.644416 -0.530855
  outer loop
    vertex 4.146288 4.146288 -4.676174
    vertex 3.971822 5.466743 -3.254128
    vertex 4.778109 4.778109 -3.254128
  endloop
endfacet
facet normal 0.442798 0.722581 -0.530855
  outer loop
    vertex 3.446618 4.743862 -4.676174
    vertex 2.662080 5.224627 -4.676174
    vertex 3.067735 6.020769 -3.254128
  endloop
endfacet
facet normal 0.442798 0.722581 -0.530855
  outer loop
    vertex 3.446618 4.743862 -4.676174
    vertex 3.067735 6.020769 -3.254128
    vertex 3.971822 5.466743 -3.254128
  endloop
endfacet
facet normal 0.324310 0.782954 -0.530855
  outer loop
    vertex 2.662080 5.224627 -4.676174
    vertex 1.811994 5.576744 -4.676174
    vertex 2.088110 6.426542 -3.254128
  endloop
endfacet
facet normal 0.324310 0.782954 -0.530855
  outer loop
    vertex 2.662080 5.224627 -4.676174
    vertex 2.088110 6.426542 -3.254128
    vertex 3.067735 6.020769 -3.254128
  endloop
endfacet
facet normal 0.197836 0.824047 -0.530855
  outer loop
    vertex 1.811994 5.576744 -4.676174
    vertex 0.917290 5.791544 -4.676174
    vertex 1.057069 6.674073 -3.254128
  endloop
endfacet
facet normal 0.197836 0.824047 -0.530855
  outer loop
    vertex 1.811994 5.576744 -4.676174
    vertex 1.057069 6.674073 -3.254128
    vertex 2.088110 6.426542 -3.254128
  endloop
endfacet
facet normal 0.066491 0.844850 -0.530855
  outer loop
    vertex 0.917290 5.791544 -4.676174
    vertex 0.000000 5.863736 -4.676174
    vertex 0.000000 6.757267 -3.254128
  endloop
endfacet
facet normal 0.066491 0.844850 -0.530855
  outer loop
    vertex 0.917290 5.791544 -4.676174
    vertex 0.000000 6.757267 -3.254128
    vertex 1.057069 6.674073 -3.254128
  endloop
endfacet
facet normal -0.066491 0.844850 -0.530855
  outer loop
    vertex 0.000000 5.863736 -4.676174
    vertex -0.917290 5.791544 -4.676174
    vertex -1.057069 6.674073 -3.254128
  endloop
endfacet
facet normal -0.066491 0.844850 -0.530855
  outer loop
    vertex 0.000000 5.863736 -4.676174
    vertex -1.057069 6.674073 -3.254128
    vertex 0.000000 6.757267 -3.254128
  endloop
endfacet
facet normal -0.197836 0.824047 -0.530855
  outer loop
    vertex -0.917290 5.791544 -4.676174
    vertex -1.811994 5.576744 -4.676174
    vertex -2.088110 6.426542 -3.254128
  endloop
endfacet
facet normal -0.197836 0.824047 -0.530855
  outer loop
    vertex -0.917290 5.791544 -4.676174
    vertex -2.088110 6.426542 -3.254128
    vertex -1.057069 6.674073 -3.254128
  endloop
endfacet
facet normal -0.324310 0.782954 -0.530855
  outer loop
    vertex -1.811994 5.576744 -4.676174
    vertex -2.662080 5.224627 -4.676174
    vertex -3.067735 6.020769 -3.254128
  endloop
endfacet
facet normal -0.324310 0.782954 -0.530855
  outer loop
    vertex -1.811994 5.576744 -4.676174
    vertex -3.067735 6.020769 -3.254128
    vertex -2.088110 6.426542 -3.254128
  endloop
endfacet
facet normal -0.442798 0.722581 -0.530855
  outer loop
    vertex -2.662080 5.224627 -4.676174
    vertex -3.446618 4.743862 -4.676174
    vertex -3.971822 5.466743 -3.254128
  endloop
endfacet
facet normal -0.442798 0.722581 -0.530855
  outer loop
    vertex -2.662080 5.224627 -4.676174
    vertex -3.971822 5.466743 -3.254128
    vertex -3.067735 6.020769 -3.254128
  endloop
endfacet
facet normal -0.550383 0.644416 -0.530855
  outer loop
    vertex -3.446618 4.743862 -4.676174
    vertex -4.146288 4.146288 -4.676174
    vertex -4.778109 4.778109 -3.254128
  endloop
endfacet
facet normal -0.550383 0.644416 -0.530855
  outer loop
    vertex -3.446618 4.743862 -4.676174
    vertex -4.778109 4.778109 -3.254128
    vertex -3.971822 5.466743 -3.254128
  endloop
endfacet
facet normal -0.644416 0.550383 -0.530855
  outer loop
    vertex -4.146288 4.146288 -4.676174
    vertex -4.743862 3.446618 -4.676174
    vertex -5.466743 3.971822 -3.254128
  endloop
endfacet
facet normal -0.644416 0.550383 -0.530855
  outer loop
    vertex -4.146288 4.146288 -4.676174
    vertex -5.466743 3.971822 -3.254128
    vertex -4.778109 4.778109 -3.254128
  endloop
endfacet
facet normal -0.722581 0.442798 -0.530855
  outer loop
    vertex -4.743862 3.446618 -4.676174
    vertex -5.224627 2.662080 -4.676174
    vertex -6.020769 3.067735 -3.254128
  endloop
endfacet
facet normal -0.722581 0.442798 -0.530855
  outer loop
    vertex -4.743862 3.446618 -4.676174
    vertex -6.020769 3.067735 -3.254128
    vertex -5.466743 3.971822 -3.254128
  endloop
endfacet
facet normal -0.782954 0.324310 -0.530855
  outer loop
    vertex -5.224627 2.662080 -4.676174
    vertex -5.576744 1.811994 -4.676174
    vertex -6.426542 2.088110 -3.254128
  endloop
endfacet
facet normal -0.782954 0.324310 -0.530855
  outer loop
    vertex -5.224627 2.662080 -4.676174
    vertex -6.426542 2.088110 -3.254128
    vertex -6.020769 3.067735 -3.254128
  endloop
endfacet
facet normal -0.824047 0.197836 -0.530855
  outer loop
    vertex -5.576744 1.811994 -4.676174
    vertex -5.791544 0.917290 -4.676174
    vertex -6.674073 1.057069 -3.254128
  endloop
endfacet
facet normal -0.824047 0.197836 -0.530855
  outer loop
    vertex -5.576744 1.811994 -4.676174
    vertex -6.674073 1.057069 -3.254128
    vertex -6.426542 2.088110 -3.254128
  endloop
endfacet
facet normal -0.844850 0.066491 -0.530855
  outer loop
    vertex -5.791544 0.917290 -4.676174
    vertex -5.863736 0.000000 -4.676174
    vertex -6.757267 0.000000 -3.254128
  endloop
endfacet
facet normal -0.844850 0.066491 -0.530855
  outer loop
    vertex -5.791544 0.917290 -4.676174
    vertex -6.757267 0.000000 -3.254128
    vertex -6.674073 1.057069 -3.254128
  endloop
endfacet
facet normal -0.844850 -0.066491 -0.530855
  outer loop
    vertex -5.863736 0.000000 -4.676174
    vertex -5.791544 -0.917290 -4.676174
    vertex -6.674073 -1.057069 -3.254128
  endloop
endfacet
facet normal -0.844850 -0.066491 -0.530855
  outer loop
    vertex -5.863736 0.000000 -4.676174
    vertex -6.674073 -1.057069 -3.254128
    vertex -6.757267 0.000000 -3.254128
  endloop
endfacet
facet normal -0.824047 -0.197836 -0.530855
  outer loop
    vertex -5.791544 -0.917290 -4.676174
    vertex -5.576744 -1.811994 -4.676174
    vertex -6.426542 -2.088110 -3.254128
  endloop
endfacet
facet normal -0.824047 -0.197836 -0.530855
  outer loop
    vertex -5.791544 -0.917290 -4.676174
    vertex -6.426542 -2.088110 -3.254128
    vertex -6.674073 -1.057069 -3.254128
  endloop
endfacet
facet normal -0.782954 -0.324310 -0.530855
  outer loop
    vertex -5.576744 -1.811994 -4.676174
    vertex -5.224627 -2.662080 -4.676174
    vertex -6.020769 -3.067735 -3.254128
  endloop
endfacet
facet normal -0.782954 -0.324310 -0.530855
  outer loop
    vertex -5.576744 -1.811994 -4.676174
    vertex -6.020769 -3.067735 -3.254128
    vertex -6.426542 -2.088110 -3.254128
  endloop
endfacet
facet normal -0.722581 -0.442798 -0.530855
  outer loop
    vertex -5.224627 -2.662080 -4.676174
    vertex -4.743862 -3.446618 -4.676174
    vertex -5.466743 -3.971822 -3.254128
  endloop
endfacet
facet normal -0.722581 -0.442798 -0.530855
  outer loop
    vertex -5.224627 -2.662080 -4.676174
    vertex -5.466743 -3.971822 -3.254128
    vertex -6.020769 -3.067735 -3.254128
  endloop
endfacet
facet normal -0.644416 -0.550383 -0.530855
  outer loop
    vertex -4.743862 -3.446618 -4.676174
    vertex -4.146288 -4.146288 -4.676174
    vertex -4.778109 -4.778109 -3.254128
  endloop
endfacet
facet normal -0.644416 -0.550383 -0.530855
  outer loop
    vertex -4.743862 -3.446618 -4.676174
    vertex -4.778109 -4.778109 -3.254128
    vertex -5.466743 -3.971822 -3.254128
  endloop
endfacet
facet normal -0.550383 -0.644416 -0.530855
  outer loop
    vertex -4.146288 -4.146288 -4.676174
    vertex -3.446618 -4.743862 -4.676174
    vertex -3.971822 -5.466743 -3.254128
  endloop
endfacet
facet normal -0.550383 -0.644416 -0.530855
  outer loop
    vertex -4.146288 -4.146288 -4.676174
    vertex -3.971822 -5.466743 -3.254128
    vertex -4.778109 -4.778109 -3.254128
  endloop
endfacet
facet normal -0.442798 -0.722581 -0.530855
  outer loop
    vertex -3.446618 -4.743862 -4.676174
    vertex -2.662080 -5.224627 -4.676174
    vertex -3.067735 -6.020769 -3.254128
  endloop
endfacet
facet normal -0.442798 -0.722581 -0.530855
  outer loop
    vertex -3.446618 -4.743862 -4.676174
    vertex -3.067735 -6.020769 -3.254128
    vertex -3.971822 -5.466743 -3.254128
  endloop
endfacet
facet normal -0.324310 -0.782954 -0.530855
  outer loop
    vertex -2.662080 -5.224627 -4.676174
    vertex -1.811994 -5.576744 -4.676174
    vertex -2.088110 -6.426542 -3.254128
  endloop
endfacet
facet normal -0.324310 -0.782954 -0.530855
  outer loop
    vertex -2.662080 -5.224627 -4.676174
    vertex -2.088110 -6.426542 -3.254128
    vertex -3.067735 -6.020769 -3.254128
  endloop
endfacet
facet normal -0.197836 -0.824047 -0.530855
  outer loop
    vertex -1.811994 -5.576744 -4.676174
    vertex -0.917290 -5.791544 -4.676174
    vertex -1.057069 -6.674073 -3.254128
  endloop
endfacet
facet normal -0.197836 -0.824047 -0.530855
  outer loop
    vertex -1.811994 -5.576744 -4.676174
    vertex -1.057069 -6.674073 -3.254128
    vertex -2.088110 -6.426542 -3.254128
  endloop
endfacet
facet normal -0.066491 -0.844850 -0.530855
  outer loop
    vertex -0.917290 -5.791544 -4.676174
    vertex -0.000000 -5.863736 -4.676174
    vertex -0.000000 -6.757267 -3.254128
  endloop
endfacet
facet normal -0.066491 -0.844850 -0.530855
  outer loop
    vertex -0.917290 -5.791544 -4.676174
    vertex -0.000000 -6.757267 -3.254128
    vertex -1.057069 -6.674073 -3.254128
  endloop
endfacet
facet normal 0.066491 -0.844850 -0.530855
  outer loop
    vertex -0.000000 -5.863736 -4.676174
    vertex 0.917290 -5.791544 -4.676174
    vertex 1.057069 -6.674073 -3.254128
  endloop
endfacet
facet normal 0.066491 -0.844850 -0.530855
  outer loop
    vertex -0.000000 -5.863736 -4.676174
    vertex 1.057069 -6.674073 -3.254128
    vertex -0.000000 -6.757267 -3.254128
  endloop
endfacet
facet normal 0.197836 -0.824047 -0.530855
  outer loop
    vertex 0.917290 -5.791544 -4.676174
    vertex 1.811994 -5.576744 -4.676174
    vertex 2.088110 -6.426542 -3.254128
  endloop
endfacet
facet normal 0.197836 -0.824047 -0.530855
  outer loop
    vertex 0.917290 -5.791544 -4.676174
    vertex 2.088110 -6.426542 -3.254128
    vertex 1.057069 -6.674073 -3.254128
  endloop
endfacet
facet normal 0.324310 -0.782954 -0.530855
  outer loop
    vertex 1.811994 -5.576744 -4.676174
    vertex 2.662080 -5.224627 -4.676174
    vertex 3.067735 -6.020769 -3.254128
  endloop
endfacet
facet normal 0.324310 -0.782954 -0.530855
  outer loop
    vertex 1.811994 -5.576744 -4.676174
    vertex 3.067735 -6.020769 -3.254128
    vertex 2.088110 -6.426542 -3.254128
  endloop
endfacet
facet normal 0.442798 -0.722581 -0.530855
  outer loop
    vertex 2.662080 -5.224627 -4.676174
    vertex 3.446618 -4.743862 -4.676174
    vertex 3.971822 -5.466743 -3.254128
  endloop
endfacet
facet normal 0.442798 -0.722581 -0.530855
  outer loop
    vertex 2.662080 -5.224627 -4.676174
    vertex 3.971822 -5.466743 -3.254128
    vertex 3.067735 -6.020769 -3.254128
  endloop
endfacet
facet normal 0.550383 -0.644416 -0.530855
  outer loop
    vertex 3.446618 -4.743862 -4.676174
    vertex 4.146288 -4.146288 -4.676174
    vertex 4.778109 -4.778109 -3.254128
  endloop
endfacet
facet normal 0.550383 -0.644416 -0.530855
  outer loop
    vertex 3.446618 -4.743862 -4.676174
    vertex 4.778109 -4.778109 -3.254128
    vertex 3.971822 -5.466743 -3.254128
  endloop
endfacet
facet normal 0.644416 -0.550383 -0.530855
  outer loop
    vertex 4.146288 -4.146288 -4.676174
    vertex 4.743862 -3.446618 -4.676174
    vertex 5.466743 -3.971822 -3.254128
  endloop
endfacet
facet normal 0.644416 -0.550383 -0.530855
  outer loop
    vertex 4.146288 -4.146288 -4.676174
    vertex 5.466743 -3.971822 -3.254128
    vertex 4.778109 -4.778109 -3.254128
  endloop
endfacet
facet normal 0.722581 -0.442798 -0.530855
  outer loop
    vertex 4.743862 -3.446618 -4.676174
    vertex 5.224627 -2.662080 -4.676174
    vertex 6.020769 -3.067735 -3.254128
  endloop
endfacet
facet normal 0.722581 -0.442798 -0.530855
  outer loop
    vertex 4.743862 -3.446618 -4.676174
    vertex 6.020769 -3.067735 -3.254128
    vertex 5.466743 -3.971822 -3.254128
  endloop
endfacet
facet normal 0.782954 -0.324310 -0.530855
  outer loop
    vertex 5.224627 -2.662080 -4.676174
    vertex 5.576744 -1.811994 -4.676174
    vertex 6.426542 -2.088110 -3.254128
  endloop
endfacet
facet normal 0.782954 -0.324310 -0.530855
  outer loop
    vertex 5.224627 -2.662080 -4.676174
    vertex 6.426542 -2.088110 -3.254128
    vertex 6.020769 -3.067735 -3.254128
  endloop
endfacet
facet normal 0.824047 -0.197836 -0.530855
  outer loop
    vertex 5.576744 -1.811994 -4.676174
    vertex 5.791544 -0.917290 -4.676174
    vertex 6.674073 -1.057069 -3.254128
  endloop
endfacet
facet normal 0.824047 -0.197836 -0.530855
  outer loop
    vertex 5.576744 -1.811994 -4.676174
    vertex 6.674073 -1.057069 -3.254128
    vertex 6.426542 -2.088110 -3.254128
  endloop
endfacet
facet normal 0.844850 -0.066491 -0.530855
  outer loop
    vertex 5.791544 -0.917290 -4.676174
    vertex 5.863736 0.000000 -4.676174
    vertex 6.757267 0.000000 -3.254128
  endloop
endfacet
facet normal 0.844850 -0.066491 -0.530855
  outer loop
    vertex 5.791544 -0.917290 -4.676174
    vertex 6.757267 0.000000 -3.254128
    vertex 6.674073 -1.057069 -3.254128
  endloop
endfacet
facet normal 0.941290 0.074081 -0.329372
  outer loop
    vertex 6.757267 0.000000 -3.254128
    vertex 6.674073 1.057069 -3.254128
    vertex 7.221937 1.143842 -1.668907
  endloop
endfacet
facet normal 0.941290 0.074081 -0.329372
  outer loop
    vertex 6.757267 0.000000 -3.254128
    vertex 7.221937 1.143842 -1.668907
    vertex 7.311959 0.000000 -1.668907
  endloop
endfacet
facet normal 0.918112 0.220419 -0.329372
  outer loop
    vertex 6.674073 1.057069 -3.254128
    vertex 6.426542 2.088110 -3.254128
    vertex 6.954087 2.259520 -1.668907
  endloop
endfacet
facet normal 0.918112 0.220419 -0.329372
  outer loop
    vertex 6.674073 1.057069 -3.254128
    vertex 6.954087 2.259520 -1.668907
    vertex 7.221937 1.143842 -1.668907
  endloop
endfacet
facet normal 0.872327 0.361330 -0.329372
  outer loop
    vertex 6.426542 2.088110 -3.254128
    vertex 6.020769 3.067735 -3.254128
    vertex 6.515003 3.319560 -1.668907
  endloop
endfacet
facet normal 0.872327 0.361330 -0.329372
  outer loop
    vertex 6.426542 2.088110 -3.254128
    vertex 6.515003 3.319560 -1.668907
    vertex 6.954087 2.259520 -1.668907
  endloop
endfacet
facet normal 0.805063 0.493343 -0.329372
  outer loop
    vertex 6.020769 3.067735 -3.254128
    vertex 5.466743 3.971822 -3.254128
    vertex 5.915499 4.297862 -1.668907
  endloop
endfacet
facet normal 0.805063 0.493343 -0.329372
  outer loop
    vertex 6.020769 3.067735 -3.254128
    vertex 5.915499 4.297862 -1.668907
    vertex 6.515003 3.319560 -1.668907
  endloop
endfacet
facet normal 0.717976 0.613209 -0.329372
  outer loop
    vertex 5.466743 3.971822 -3.254128
    vertex 4.778109 4.778109 -3.254128
    vertex 5.170336 5.170336 -1.668907
  endloop
endfacet
facet normal 0.717976 0.613209 -0.329372
  outer loop
    vertex 5.466743 3.971822 -3.254128
    vertex 5.170336 5.170336 -1.668907
    vertex 5.915499 4.297862 -1.668907
  endloop
endfacet
facet normal 0.613209 0.717976 -0.329372
  outer loop
    vertex 4.778109 4.778109 -3.254128
    vertex 3.971822 5.466743 -3.254128
    vertex 4.297862 5.915499 -1.668907
  endloop
endfacet
facet normal 0.613209 0.717976 -0.329372
  outer loop
    vertex 4.778109 4.778109 -3.254128
    vertex 4.297862 5.915499 -1.668907
    vertex 5.170336 5.170336 -1.668907
  endloop
endfacet
facet normal 0.493343 0.805063 -0.329372
  outer loop
    vertex 3.971822 5.466743 -3.254128
    vertex 3.067735 6.020769 -3.254128
    vertex 3.319560 6.515003 -1.668907
  endloop
endfacet
facet normal 0.493343 0.805063 -0.329372
  outer loop
    vertex 3.971822 5.466743 -3.254128
    vertex 3.319560 6.515003 -1.668907
    vertex 4.297862 5.915499 -1.668907
  endloop
endfacet
facet normal 0.361330 0.872327 -0.329372
  outer loop
    vertex 3.067735 6.020769 -3.254128
    vertex 2.088110 6.426542 -3.254128
    vertex 2.259520 6.954087 -1.668907
  endloop
endfacet
facet normal 0.361330 0.872327 -0.329372
  outer loop
    vertex 3.067735 6.020769 -3.254128
    vertex 2.259520 6.954087 -1.668907
    vertex 3.319560 6.515003 -1.668907
  endloop
endfacet
facet normal 0.220419 0.918112 -0.329372
  outer loop
    vertex 2.088110 6.426542 -3.254128
    vertex 1.057069 6.674073 -3.254128
    vertex 1.143842 7.221937 -1.668907
  endloop
endfacet
facet normal 0.220419 0.918112 -0.329372
  outer loop
    vertex 2.088110 6.426542 -3.254128
    vertex 1.143842 7.221937 -1.668907
    vertex 2.259520 6.954087 -1.668907
  endloop
endfacet
facet normal 0.074081 0.941290 -0.329372
  outer loop
    vertex 1.057069 6.674073 -3.254128
    vertex 0.000000 6.757267 -3.254128
    vertex 0.000000 7.311959 -1.668907
  endloop
endfacet
facet normal 0.074081 0.941290 -0.329372
  outer loop
    vertex 1.057069 6.674073 -3.254128
    vertex 0.000000 7.311959 -1.668907
    vertex 1.143842 7.221937 -1.668907
  endloop
endfacet
facet normal -0.074081 0.941290 -0.329372
  outer loop
    vertex 0.000000 6.757267 -3.254128
    vertex -1.057069 6.674073 -3.254128
    vertex -1.143842 7.221937 -1.668907
  endloop
endfacet
facet normal -0.074081 0.941290 -0.329372
  outer loop
    vertex 0.000000 6.757267 -3.254128
    vertex -1.143842 7.221937 -1.668907
    vertex 0.000000 7.311959 -1.668907
  endloop
endfacet
facet normal -0.220419 0.918112 -0.329372
  outer loop
    vertex -1.057069 6.674073 -3.254128
    vertex -2.088110 6.426542 -3.254128
    vertex -2.259520 6.954087 -1.668907
  endloop
endfacet
facet normal -0.220419 0.918112 -0.329372
  outer loop
    vertex -1.057069 6.674073 -3.254128
    vertex -2.259520 6.954087 -1.668907
    vertex -1.143842 7.221937 -1.668907
  endloop
endfacet
facet normal -0.361330 0.872327 -0.329372
  outer loop
    vertex -2.088110 6.426542 -3.254128
    vertex -3.067735 6.020769 -3.254128
    vertex -3.319560 6.515003 -1.668907
  endloop
endfacet
facet normal -0.361330 0.872327 -0.329372
  outer loop
    vertex -2.088110 6.426542 -3.254128
    vertex -3.319560 6.515003 -1.668907
    vertex -2.259520 6.954087 -1.668907
  endloop
endfacet
facet normal -0.493343 0.805063 -0.329372
  outer loop
    vertex -3.067735 6.020769 -3.254128
    vertex -3.971822 5.466743 -3.254128
    vertex -4.297862 5.915499 -1.668907
  endloop
endfacet
facet normal -0.493343 0.805063 -0.329372
  outer loop
    vertex -3.067735 6.020769 -3.254128
    vertex -4.297862 5.915499 -1.668907
    vertex -3.319560 6.515003 -1.668907
  endloop
endfacet
facet normal -0.613209 0.717976 -0.329372
  outer loop
    vertex -3.971822 5.466743 -3.254128
    vertex -4.778109 4.778109 -3.254128
    vertex -5.170336 5.170336 -1.668907
  endloop
endfacet
facet normal -0.613209 0.717976 -0.329372
  outer loop
    vertex -3.971822 5.466743 -3.254128
    vertex -5.170336 5.170336 -1.668907
    vertex -4.297862 5.915499 -1.668907
  endloop
endfacet
facet normal -0.717976 0.613209 -0.329372
  outer loop
    vertex -4.778109 4.778109 -3.254128
    vertex -5.466743 3.971822 -3.254128
    vertex -5.915499 4.297862 -1.668907
  endloop
endfacet
facet normal -0.717976 0.613209 -0.329372
  outer loop
    vertex -4.778109 4.778109 -3.254128
    vertex -5.915499 4.297862 -1.668907
    vertex -5.170336 5.170336 -1.668907
  endloop
endfacet
facet normal -0.805063 0.493343 -0.329372
  outer loop
    vertex -5.466743 3.971822 -3.254128
    vertex -6.020769 3.067735 -3.254128
    vertex -6.515003 3.319560 -1.668907
  endloop
endfacet
facet normal -0.805063 0.493343 -0.329372
  outer loop
    vertex -5.466743 3.971822 -3.254128
    vertex -6.515003 3.319560 -1.668907
    vertex -5.915499 4.297862 -1.668907
  endloop
endfacet
facet normal -0.872327 0.361330 -0.329372
  outer loop
    vertex -6.020769 3.067735 -3.254128
    vertex -6.426542 2.088110 -3.254128
    vertex -6.954087 2.259520 -1.668907
  endloop
endfacet
facet normal -0.872327 0.361330 -0.329372
  outer loop
    vertex -6.020769 3.067735 -3.254128
    vertex -6.954087 2.259520 -1.668907
    vertex -6.515003 3.319560 -1.668907
  endloop
endfacet
facet normal -0.918112 0.220419 -0.329372
  outer loop
    vertex -6.426542 2.088110 -3.254128
    vertex -6.674073 1.057069 -3.254128
    vertex -7.221937 1.143842 -1.668907
  endloop
endfacet
facet normal -0.918112 0.220419 -0.329372
  outer loop
    vertex -6.426542 2.088110 -3.254128
    vertex -7.221937 1.143842 -1.668907
    vertex -6.954087 2.259520 -1.668907
  endloop
endfacet
facet normal -0.941290 0.074081 -0.329372
  outer loop
    vertex -6.674073 1.057069 -3.254128
    vertex -6.757267 0.000000 -3.254128
    vertex -7.311959 0.000000 -1.668907
  endloop
endfacet
facet normal -0.941290 0.074081 -0.329372
  outer loop
    vertex -6.674073 1.057069 -3.254128
    vertex -7.311959 0.000000 -1.668907
    vertex -7.221937 1.143842 -1.668907
  endloop
endfacet
facet normal -0.941290 -0.074081 -0.329372
  outer loop
    vertex -6.757267 0.000000 -3.254128
    vertex -6.674073 -1.057069 -3.254128
    vertex -7.221937 -1.143842 -1.668907
  endloop
endfacet
facet normal -0.941290 -0.074081 -0.329372
  outer loop
    vertex -6.757267 0.000000 -3.254128
    vertex -7.221937 -1.143842 -1.668907
    vertex -7.311959 0.000000 -1.668907
  endloop
endfacet
facet normal -0.918112 -0.220419 -0.329372
  outer loop
    vertex -6.674073 -1.057069 -3.254128
    vertex -6.426542 -2.088110 -3.254128
    vertex -6.954087 -2.259520 -1.668907
  endloop
endfacet
facet normal -0.918112 -0.220419 -0.329372
  outer loop
    vertex -6.674073 -1.057069 -3.254128
    vertex -6.954087 -2.259520 -1.668907
    vertex -7.221937 -1.143842 -1.668907
  endloop
endfacet
facet normal -0.872327 -0.361330 -0.329372
  outer loop
    vertex -6.426542 -2.088110 -3.254128
    vertex -6.020769 -3.067735 -3.254128
    vertex -6.515003 -3.319560 -1.668907
  endloop
endfacet
facet normal -0.872327 -0.361330 -0.329372
  outer loop
    vertex -6.426542 -2.088110 -3.254128
    vertex -6.515003 -3.319560 -1.668907
    vertex -6.954087 -2.259520 -1.668907
  endloop
endfacet
facet normal -0.805063 -0.493343 -0.329372
  outer loop
    vertex -6.020769 -3.067735 -3.254128
    vertex -5.466743 -3.971822 -3.254128
    vertex -5.915499 -4.297862 -1.668907
  endloop
endfacet
facet normal -0.805063 -0.493343 -0.329372
  outer loop
    vertex -6.020769 -3.067735 -3.254128
    vertex -5.915499 -4.297862 -1.668907
    vertex -6.515003 -3.319560 -1.668907
  endloop
endfacet
facet normal -0.717976 -0.613209 -0.329372
  outer loop
    vertex -5.466743 -3.971822 -3.254128
    vertex -4.778109 -4.778109 -3.254128
    vertex -5.170336 -5.170336 -1.668907
  endloop
endfacet
facet normal -0.717976 -0.613209 -0.329372
  outer loop
    vertex -5.466743 -3.971822 -3.254128
    vertex -5.170336 -5.170336 -1.668907
    vertex -5.915499 -4.297862 -1.668907
  endloop
endfacet
facet normal -0.613209 -0.717976 -0.329372
  outer loop
    vertex -4.778109 -4.778109 -3.254128
    vertex -3.971822 -5.466743 -3.254128
    vertex -4.297862 -5.915499 -1.668907
  endloop
endfacet
facet normal -0.613209 -0.717976 -0.329372
  outer loop
    vertex -4.778109 -4.778109 -3.254128
    vertex -4.297862 -5.915499 -1.668907
    vertex -5.170336 -5.170336 -1.668907
  endloop
endfacet
facet normal -0.493343 -0.805063 -0.329372
  outer loop
    vertex -3.971822 -5.466743 -3.254128
    vertex -3.067735 -6.020769 -3.254128
    vertex -3.319560 -6.515003 -1.668907
  endloop
endfacet
facet normal -0.493343 -0.805063 -0.329372
  outer loop
    vertex -3.971822 -5.466743 -3.254128
    vertex -3.319560 -6.515003 -1.668907
    vertex -4.297862 -5.915499 -1.668907
  endloop
endfacet
facet normal -0.361330 -0.872327 -0.329372
  outer loop
    vertex -3.067735 -6.020769 -3.254128
    vertex -2.088110 -6.426542 -3.254128
    vertex -2.259520 -6.954087 -1.668907
  endloop
endfacet
facet normal -0.361330 -0.872327 -0.329372
  outer loop
    vertex -3.067735 -6.020769 -3.254128
    vertex -2.259520 -6.954087 -1.668907
    vertex -3.319560 -6.515003 -1.668907
  endloop
endfacet
facet normal -0.220419 -0.918112 -0.329372
  outer loop
    vertex -2.088110 -6.426542 -3.254128
    vertex -1.057069 -6.674073 -3.254128
    vertex -1.143842 -7.221937 -1.668907
  endloop
endfacet
facet normal -0.220419 -0.918112 -0.329372
  outer loop
    vertex -2.088110 -6.426542 -3.254128
    vertex -1.143842 -7.221937 -1.668907
    vertex -2.259520 -6.954087 -1.668907
  endloop
endfacet
facet normal -0.074081 -0.941290 -0.329372
  outer loop
    vertex -1.057069 -6.674073 -3.254128
    vertex -0.000000 -6.757267 -3.254128
    vertex -0.000000 -7.311959 -1.668907
  endloop
endfacet
facet normal -0.074081 -0.941290 -0.329372
  outer loop
    vertex -1.057069 -6.674073 -3.254128
    vertex -0.000000 -7.311959 -1.668907
    vertex -1.143842 -7.221937 -1.668907
  endloop
endfacet
facet normal 0.074081 -0.941290 -0.329372
  outer loop
    vertex -0.000000 -6.757267 -3.254128
    vertex 1.057069 -6.674073 -3.254128
    vertex 1.143842 -7.221937 -1.668907
  endloop
endfacet
facet normal 0.074081 -0.941290 -0.329372
  outer loop
    vertex -0.000000 -6.757267 -3.254128
    vertex 1.143842 -7.221937 -1.668907
    vertex -0.000000 -7.311959 -1.668907
  endloop
endfacet
facet normal 0.220419 -0.918112 -0.329372
  outer loop
    vertex 1.057069 -6.674073 -3.254128
    vertex 2.088110 -6.426542 -3.254128
    vertex 2.259520 -6.954087 -1.668907
  endloop
endfacet
facet normal 0.220419 -0.918112 -0.329372
  outer loop
    vertex 1.057069 -6.674073 -3.254128
    vertex 2.259520 -6.954087 -1.668907
    vertex 1.143842 -7.221937 -1.668907
  endloop
endfacet
facet normal 0.361330 -0.872327 -0.329372
  outer loop
    vertex 2.088110 -6.426542 -3.254128
    vertex 3.067735 -6.020769 -3.254128
    vertex 3.319560 -6.515003 -1.668907
  endloop
endfacet
facet normal 0.361330 -0.872327 -0.329372
  outer loop
    vertex 2.088110 -6.426542 -3.254128
    vertex 3.319560 -6.515003 -1.668907
    vertex 2.259520 -6.954087 -1.668907
  endloop
endfacet
facet normal 0.493343 -0.805063 -0.329372
  outer loop
    vertex 3.067735 -6.020769 -3.254128
    vertex 3.971822 -5.466743 -3.254128
    vertex 4.297862 -5.915499 -1.668907
  endloop
endfacet
facet normal 0.493343 -0.805063 -0.329372
  outer loop
    vertex 3.067735 -6.020769 -3.254128
    vertex 4.297862 -5.915499 -1.668907
    vertex 3.319560 -6.515003 -1.668907
  endloop
endfacet
facet normal 0.613209 -0.717976 -0.329372
  outer loop
    vertex 3.971822 -5.466743 -3.254128
    vertex 4.778109 -4.778109 -3.254128
    vertex 5.170336 -5.170336 -1.668907
  endloop
endfacet
facet normal 0.613209 -0.717976 -0.329372
  outer loop
    vertex 3.971822 -5.466743 -3.254128
    vertex 5.170336 -5.170336 -1.668907
    vertex 4.297862 -5.915499 -1.668907
  endloop
endfacet
facet normal 0.717976 -0.613209 -0.329372
  outer loop
    vertex 4.778109 -4.778109 -3.254128
    vertex 5.466743 -3.971822 -3.254128
    vertex 5.915499 -4.297862 -1.668907
  endloop
endfacet
facet normal 0.717976 -0.613209 -0.329372
  outer loop
    vertex 4.778109 -4.778109 -3.254128
    vertex 5.915499 -4.297862 -1.668907
    vertex 5.170336 -5.170336 -1.668907
  endloop
endfacet
facet normal 0.805063 -0.493343 -0.329372
  outer loop
    vertex 5.466743 -3.971822 -3.254128
    vertex 6.020769 -3.067735 -3.254128
    vertex 6.515003 -3.319560 -1.668907
  endloop
endfacet
facet normal 0.805063 -0.493343 -0.329372
  outer loop
    vertex 5.466743 -3.971822 -3.254128
    vertex 6.515003 -3.319560 -1.668907
    vertex 5.915499 -4.297862 -1.668907
  endloop
endfacet
facet normal 0.872327 -0.361330 -0.329372
  outer loop
    vertex 6.020769 -3.067735 -3.254128
    vertex 6.426542 -2.088110 -3.254128
    vertex 6.954087 -2.259520 -1.668907
  endloop
endfacet
facet normal 0.872327 -0.361330 -0.329372
  outer loop
    vertex 6.020769 -3.067735 -3.254128
    vertex 6.954087 -2.259520 -1.668907
    vertex 6.515003 -3.319560 -1.668907
  endloop
endfacet
facet normal 0.918112 -0.220419 -0.329372
  outer loop
    vertex 6.426542 -2.088110 -3.254128
    vertex 6.674073 -1.057069 -3.254128
    vertex 7.221937 -1.143842 -1.668907
  endloop
endfacet
facet normal 0.918112 -0.220419 -0.329372
  outer loop
    vertex 6.426542 -2.088110 -3.254128
    vertex 7.221937 -1.143842 -1.668907
    vertex 6.954087 -2.259520 -1.668907
  endloop
endfacet
facet normal 0.941290 -0.074081 -0.329372
  outer loop
    vertex 6.674073 -1.057069 -3.254128
    vertex 6.757267 0.000000 -3.254128
    vertex 7.311959 0.000000 -1.668907
  endloop
endfacet
facet normal 0.941290 -0.074081 -0.329372
  outer loop
    vertex 6.674073 -1.057069 -3.254128
    vertex 7.311959 0.000000 -1.668907
    vertex 7.221937 -1.143842 -1.668907
  endloop
endfacet
facet normal 0.990687 0.077969 -0.111624
  outer loop
    vertex 7.311959 0.000000 -1.668907
    vertex 7.221937 1.143842 -1.668907
    vertex 7.407663 1.173258 0.000000
  endloop
endfacet
facet normal 0.990687 0.077969 -0.111624
  outer loop
    vertex 7.311959 0.000000 -1.668907
    vertex 7.407663 1.173258 0.000000
    vertex 7.500000 0.000000 0.000000
  endloop
endfacet
facet normal 0.966293 0.231986 -0.111624
  outer loop
    vertex 7.221937 1.143842 -1.668907
    vertex 6.954087 2.259520 -1.668907
    vertex 7.132924 2.317627 0.000000
  endloop
endfacet
facet normal 0.966293 0.231986 -0.111624
  outer loop
    vertex 7.221937 1.143842 -1.668907
    vertex 7.132924 2.317627 0.000000
    vertex 7.407663 1.173258 0.000000
  endloop
endfacet
facet normal 0.918106 0.380292 -0.111624
  outer loop
    vertex 6.954087 2.259520 -1.668907
    vertex 6.515003 3.319560 -1.668907
    vertex 6.682549 3.404929 0.000000
  endloop
endfacet
facet normal 0.918106 0.380292 -0.111624
  outer loop
    vertex 6.954087 2.259520 -1.668907
    vertex 6.682549 3.404929 0.000000
    vertex 7.132924 2.317627 0.000000
  endloop
endfacet
facet normal 0.847312 0.519233 -0.111624
  outer loop
    vertex 6.515003 3.319560 -1.668907
    vertex 5.915499 4.297862 -1.668907
    vertex 6.067627 4.408389 0.000000
  endloop
endfacet
facet normal 0.847312 0.519233 -0.111624
  outer loop
    vertex 6.515003 3.319560 -1.668907
    vertex 6.067627 4.408389 0.000000
    vertex 6.682549 3.404929 0.000000
  endloop
endfacet
facet normal 0.755654 0.645389 -0.111624
  outer loop
    vertex 5.915499 4.297862 -1.668907
    vertex 5.170336 5.170336 -1.668907
    vertex 5.303301 5.303301 0.000000
  endloop
endfacet
facet normal 0.755654 0.645389 -0.111624
  outer loop
    vertex 5.915499 4.297862 -1.668907
    vertex 5.303301 5.303301 0.000000
    vertex 6.067627 4.408389 0.000000
  endloop
endfacet
facet normal 0.645389 0.755654 -0.111624
  outer loop
    vertex 5.170336 5.170336 -1.668907
    vertex 4.297862 5.915499 -1.668907
    vertex 4.408389 6.067627 0.000000
  endloop
endfacet
facet normal 0.645389 0.755654 -0.111624
  outer loop
    vertex 5.170336 5.170336 -1.668907
    vertex 4.408389 6.067627 0.000000
    vertex 5.303301 5.303301 0.000000
  endloop
endfacet
facet normal 0.519233 0.847312 -0.111624
  outer loop
    vertex 4.297862 5.915499 -1.668907
    vertex 3.319560 6.515003 -1.668907
    vertex 3.404929 6.682549 0.000000
  endloop
endfacet
facet normal 0.519233 0.847312 -0.111624
  outer loop
    vertex 4.297862 5.915499 -1.668907
    vertex 3.404929 6.682549 0.000000
    vertex 4.408389 6.067627 0.000000
  endloop
endfacet
facet normal 0.380292 0.918106 -0.111624
  outer loop
    vertex 3.319560 6.515003 -1.668907
    vertex 2.259520 6.954087 -1.668907
    vertex 2.317627 7.132924 0.000000
  endloop
endfacet
facet normal 0.380292 0.918106 -0.111624
  outer loop
    vertex 3.319560 6.515003 -1.668907
    vertex 2.317627 7.132924 0.000000
    vertex 3.404929 6.682549 0.000000
  endloop
endfacet
facet normal 0.231986 0.966293 -0.111624
  outer loop
    vertex 2.259520 6.954087 -1.668907
    vertex 1.143842 7.221937 -1.668907
    vertex 1.173258 7.407663 0.000000
  endloop
endfacet
facet normal 0.231986 0.966293 -0.111624
  outer loop
    vertex 2.259520 6.954087 -1.668907
    vertex 1.173258 7.407663 0.000000
    vertex 2.317627 7.132924 0.000000
  endloop
endfacet
facet normal 0.077969 0.990687 -0.111624
  outer loop
    vertex 1.143842 7.221937 -1.668907
    vertex 0.000000 7.311959 -1.668907
    vertex 0.000000 7.500000 0.000000
  endloop
endfacet
facet normal 0.077969 0.990687 -0.111624
  outer loop
    vertex 1.143842 7.221937 -1.668907
    vertex 0.000000 7.500000 0.000000
    vertex 1.173258 7.407663 0.000000
  endloop
endfacet
facet normal -0.077969 0.990687 -0.111624
  outer loop
    vertex 0.000000 7.311959 -1.668907
    vertex -1.143842 7.221937 -1.668907
    vertex -1.173258 7.407663 0.000000
  endloop
endfacet
facet normal -0.077969 0.990687 -0.111624
  outer loop
    vertex 0.000000 7.311959 -1.668907
    vertex -1.173258 7.407663 0.000000
    vertex 0.000000 7.500000 0.000000
  endloop
endfacet
facet normal -0.231986 0.966293 -0.111624
  outer loop
    vertex -1.143842 7.221937 -1.668907
    vertex -2.259520 6.954087 -1.668907
    vertex -2.317627 7.132924 0.000000
  endloop
endfacet
facet normal -0.231986 0.966293 -0.111624
  outer loop
    vertex -1.143842 7.221937 -1.668907
    vertex -2.317627 7.132924 0.000000
    vertex -1.173258 7.407663 0.000000
  endloop
endfacet
facet normal -0.380292 0.918106 -0.111624
  outer loop
    vertex -2.259520 6.954087 -1.668907
    vertex -3.319560 6.515003 -1.668907
    vertex -3.404929 6.682549 0.000000
  endloop
endfacet
facet normal -0.380292 0.918106 -0.111624
  outer loop
    vertex -2.259520 6.954087 -1.668907
    vertex -3.404929 6.682549 0.000000
    vertex -2.317627 7.132924 0.000000
  endloop
endfacet
facet normal -0.519233 0.847312 -0.111624
  outer loop
    vertex -3.319560 6.515003 -1.668907
    vertex -4.297862 5.915499 -1.668907
    vertex -4.408389 6.067627 0.000000
  endloop
endfacet
facet normal -0.519233 0.847312 -0.111624
  outer loop
    vertex -3.319560 6.515003 -1.668907
    vertex -4.408389 6.067627 0.000000
    vertex -3.404929 6.682549 0.000000
  endloop
endfacet
facet normal -0.645389 0.755654 -0.111624
  outer loop
    vertex -4.297862 5.915499 -1.668907
    vertex -5.170336 5.170336 -1.668907
    vertex -5.303301 5.303301 0.000000
  endloop
endfacet
facet normal -0.645389 0.755654 -0.111624
  outer loop
    vertex -4.297862 5.915499 -1.668907
    vertex -5.303301 5.303301 0.000000
    vertex -4.408389 6.067627 0.000000
  endloop
endfacet
facet normal -0.755654 0.645389 -0.111624
  outer loop
    vertex -5.170336 5.170336 -1.668907
    vertex -5.915499 4.297862 -1.668907
    vertex -6.067627 4.408389 0.000000
  endloop
endfacet
facet normal -0.755654 0.645389 -0.111624
  outer loop
    vertex -5.170336 5.170336 -1.668907
    vertex -6.067627 4.408389 0.000000
    vertex -5.303301 5.303301 0.000000
  endloop
endfacet
facet normal -0.847312 0.519233 -0.111624
  outer loop
    vertex -5.915499 4.297862 -1.668907
    vertex -6.515003 3.319560 -1.668907
    vertex -6.682549 3.404929 0.000000
  endloop
endfacet
facet normal -0.847312 0.519233 -0.111624
  outer loop
    vertex -5.915499 4.297862 -1.668907
    vertex -6.682549 3.404929 0.000000
    vertex -6.067627 4.408389 0.000000
  endloop
endfacet
facet normal -0.918106 0.380292 -0.111624
  outer loop
    vertex -6.515003 3.319560 -1.668907
    vertex -6.954087 2.259520 -1.668907
    vertex -7.132924 2.317627 0.000000
  endloop
endfacet
facet normal -0.918106 0.380292 -0.111624
  outer loop
    vertex -6.515003 3.319560 -1.668907
    vertex -7.132924 2.317627 0.000000
    vertex -6.682549 3.404929 0.000000
  endloop
endfacet
facet normal -0.966293 0.231986 -0.111624
  outer loop
    vertex -6.954087 2.259520 -1.668907
    vertex -7.221937 1.143842 -1.668907
    vertex -7.407663 1.173258 0.000000
  endloop
endfacet
facet normal -0.966293 0.231986 -0.111624
  outer loop
    vertex -6.954087 2.259520 -1.668907
    vertex -7.407663 1.173258 0.000000
    vertex -7.132924 2.317627 0.000000
  endloop
endfacet
facet normal -0.990687 0.077969 -0.111624
  outer loop
    vertex -7.221937 1.143842 -1.668907
    vertex -7.311959 0.000000 -1.668907
    vertex -7.500000 0.000000 0.000000
  endloop
endfacet
facet normal -0.990687 0.077969 -0.111624
  outer loop
    vertex -7.221937 1.143842 -1.668907
    vertex -7.500000 0.000000 0.000000
    vertex -7.407663 1.173258 0.000000
  endloop
endfacet
facet normal -0.990687 -0.077969 -0.111624
  outer loop
    vertex -7.311959 0.000000 -1.668907
    vertex -7.221937 -1.143842 -1.668907
    vertex -7.407663 -1.173258 0.000000
  endloop
endfacet
facet normal -0.990687 -0.077969 -0.111624
  outer loop
    vertex -7.311959 0.000000 -1.668907
    vertex -7.407663 -1.173258 0.000000
    vertex -7.500000 0.000000 0.000000
  endloop
endfacet
facet normal -0.966293 -0.231986 -0.111624
  outer loop
    vertex -7.221937 -1.143842 -1.668907
    vertex -6.954087 -2.259520 -1.668907
    vertex -7.132924 -2.317627 0.000000
  endloop
endfacet
facet normal -0.966293 -0.231986 -0.111624
  outer loop
    vertex -7.221937 -1.143842 -1.668907
    vertex -7.132924 -2.317627 0.000000
    vertex -7.407663 -1.173258 0.000000
  endloop
endfacet
facet normal -0.918106 -0.380292 -0.111624
  outer loop
    vertex -6.954087 -2.259520 -1.668907
    vertex -6.515003 -3.319560 -1.668907
    vertex -6.682549 -3.404929 0.000000
  endloop
endfacet
facet normal -0.918106 -0.380292 -0.111624
  outer loop
    vertex -6.954087 -2.259520 -1.668907
    vertex -6.682549 -3.404929 0.000000
    vertex -7.132924 -2.317627 0.000000
  endloop
endfacet
facet normal -0.847312 -0.519233 -0.111624
  outer loop
    vertex -6.515003 -3.319560 -1.668907
    vertex -5.915499 -4.297862 -1.668907
    vertex -6.067627 -4.408389 0.000000
  endloop
endfacet
facet normal -0.847312 -0.519233 -0.111624
  outer loop
    vertex -6.515003 -3.319560 -1.668907
    vertex -6.067627 -4.408389 0.000000
    vertex -6.682549 -3.404929 0.000000
  endloop
endfacet
facet normal -0.755654 -0.645389 -0.111624
  outer loop
    vertex -5.915499 -4.297862 -1.668907
    vertex -5.170336 -5.170336 -1.668907
    vertex -5.303301 -5.303301 0.000000
  endloop
endfacet
facet normal -0.755654 -0.645389 -0.111624
  outer loop
    vertex -5.915499 -4.297862 -1.668907
    vertex -5.303301 -5.303301 0.000000
    vertex -6.067627 -4.408389 0.000000
  endloop
endfacet
facet normal -0.645389 -0.755654 -0.111624
  outer loop
    vertex -5.170336 -5.170336 -1.668907
    vertex -4.297862 -5.915499 -1.668907
    vertex -4.408389 -6.067627 0.000000
  endloop
endfacet
facet normal -0.645389 -0.755654 -0.111624
  outer loop
    vertex -5.170336 -5.170336 -1.668907
    vertex -4.408389 -6.067627 0.000000
    vertex -5.303301 -5.303301 0.000000
  endloop
endfacet
facet normal -0.519233 -0.847312 -0.111624
  outer loop
    vertex -4.297862 -5.915499 -1.668907
    vertex -3.319560 -6.515003 -1.668907
    vertex -3.404929 -6.682549 0.000000
  endloop
endfacet
facet normal -0.519233 -0.847312 -0.111624
  outer loop
    vertex -4.297862 -5.915499 -1.668907
    vertex -3.404929 -6.682549 0.000000
    vertex -4.408389 -6.067627 0.000000
  endloop
endfacet
facet normal -0.380292 -0.918106 -0.111624
  outer loop
    vertex -3.319560 -6.515003 -1.668907
    vertex -2.259520 -6.954087 -1.668907
    vertex -2.317627 -7.132924 0.000000
  endloop
endfacet
facet normal -0.380292 -0.918106 -0.111624
  outer loop
    vertex -3.319560 -6.515003 -1.668907
    vertex -2.317627 -7.132924 0.000000
    vertex -3.404929 -6.682549 0.000000
  endloop
endfacet
facet normal -0.231986 -0.966293 -0.111624
  outer loop
    vertex -2.259520 -6.954087 -1.668907
    vertex -1.143842 -7.221937 -1.668907
    vertex -1.173258 -7.407663 0.000000
  endloop
endfacet
facet normal -0.231986 -0.966293 -0.111624
  outer loop
    vertex -2.259520 -6.954087 -1.668907
    vertex -1.173258 -7.407663 0.000000
    vertex -2.317627 -7.132924 0.000000
  endloop
endfacet
facet normal -0.077969 -0.990687 -0.111624
  outer loop
    vertex -1.143842 -7.221937 -1.668907
    vertex -0.000000 -7.311959 -1.668907
    vertex -0.000000 -7.500000 0.000000
  endloop
endfacet
facet normal -0.077969 -0.990687 -0.111624
  outer loop
    vertex -1.143842 -7.221937 -1.668907
    vertex -0.000000 -7.500000 0.000000
    vertex -1.173258 -7.407663 0.000000
  endloop
endfacet
facet normal 0.077969 -0.990687 -0.111624
  outer loop
    vertex -0.000000 -7.311959 -1.668907
    vertex 1.143842 -7.221937 -1.668907
    vertex 1.173258 -7.407663 0.000000
  endloop
endfacet
facet normal 0.077969 -0.990687 -0.111624
  outer loop
    vertex -0.000000 -7.311959 -1.668907
    vertex 1.173258 -7.407663 0.000000
    vertex -0.000000 -7.500000 0.000000
  endloop
endfacet
facet normal 0.231986 -0.966293 -0.111624
  outer loop
    vertex 1.143842 -7.221937 -1.668907
    vertex 2.259520 -6.954087 -1.668907
    vertex 2.317627 -7.132924 0.000000
  endloop
endfacet
facet normal 0.231986 -0.966293 -0.111624
  outer loop
    vertex 1.143842 -7.221937 -1.668907
    vertex 2.317627 -7.132924 0.000000
    vertex 1.173258 -7.407663 0.000000
  endloop
endfacet
facet normal 0.380292 -0.918106 -0.111624
  outer loop
    vertex 2.259520 -6.954087 -1.668907
    vertex 3.319560 -6.515003 -1.668907
    vertex 3.404929 -6.682549 0.000000
  endloop
endfacet
facet normal 0.380292 -0.918106 -0.111624
  outer loop
    vertex 2.259520 -6.954087 -1.668907
    vertex 3.404929 -6.682549 0.000000
    vertex 2.317627 -7.132924 0.000000
  endloop
endfacet
facet normal 0.519233 -0.847312 -0.111624
  outer loop
    vertex 3.319560 -6.515003 -1.668907
    vertex 4.297862 -5.915499 -1.668907
    vertex 4.408389 -6.067627 0.000000
  endloop
endfacet
facet normal 0.519233 -0.847312 -0.111624
  outer loop
    vertex 3.319560 -6.515003 -1.668907
    vertex 4.408389 -6.067627 0.000000
    vertex 3.404929 -6.682549 0.000000
  endloop
endfacet
facet normal 0.645389 -0.755654 -0.111624
  outer loop
    vertex 4.297862 -5.915499 -1.668907
    vertex 5.170336 -5.170336 -1.668907
    vertex 5.303301 -5.303301 0.000000
  endloop
endfacet
facet normal 0.645389 -0.755654 -0.111624
  outer loop
    vertex 4.297862 -5.915499 -1.668907
    vertex 5.303301 -5.303301 0.000000
    vertex 4.408389 -6.067627 0.000000
  endloop
endfacet
facet normal 0.755654 -0.645389 -0.111624
  outer loop
    vertex 5.170336 -5.170336 -1.668907
    vertex 5.915499 -4.297862 -1.668907
    vertex 6.067627 -4.408389 0.000000
  endloop
endfacet
facet normal 0.755654 -0.645389 -0.111624
  outer loop
    vertex 5.170336 -5.170336 -1.668907
    vertex 6.067627 -4.408389 0.000000
    vertex 5.303301 -5.303301 0.000000
  endloop
endfacet
facet normal 0.847312 -0.519233 -0.111624
  outer loop
    vertex 5.915499 -4.297862 -1.668907
    vertex 6.515003 -3.319560 -1.668907
    vertex 6.682549 -3.404929 0.000000
  endloop
endfacet
facet normal 0.847312 -0.519233 -0.111624
  outer loop
    vertex 5.915499 -4.297862 -1.668907
    vertex 6.682549 -3.404929 0.000000
    vertex 6.067627 -4.408389 0.000000
  endloop
endfacet
facet normal 0.918106 -0.380292 -0.111624
  outer loop
    vertex 6.515003 -3.319560 -1.668907
    vertex 6.954087 -2.259520 -1.668907
    vertex 7.132924 -2.317627 0.000000
  endloop
endfacet
facet normal 0.918106 -0.380292 -0.111624
  outer loop
    vertex 6.515003 -3.319560 -1.668907
    vertex 7.132924 -2.317627 0.000000
    vertex 6.682549 -3.404929 0.000000
  endloop
endfacet
facet normal 0.966293 -0.231986 -0.111624
  outer loop
    vertex 6.954087 -2.259520 -1.668907
    vertex 7.221937 -1.143842 -1.668907
    vertex 7.407663 -1.173258 0.000000
  endloop
endfacet
facet normal 0.966293 -0.231986 -0.111624
  outer loop
    vertex 6.954087 -2.259520 -1.668907
    vertex 7.407663 -1.173258 0.000000
    vertex 7.132924 -2.317627 0.000000
  endloop
endfacet
facet normal 0.990687 -0.077969 -0.111624
  outer loop
    vertex 7.221937 -1.143842 -1.668907
    vertex 7.311959 0.000000 -1.668907
    vertex 7.500000 0.000000 0.000000
  endloop
endfacet
facet normal 0.990687 -0.077969 -0.111624
  outer loop
    vertex 7.221937 -1.143842 -1.668907
    vertex 7.500000 0.000000 0.000000
    vertex 7.407663 -1.173258 0.000000
  endloop
endfacet
facet normal 0.990687 0.077969 0.111624
  outer loop
    vertex 7.500000 0.000000 0.000000
    vertex 7.407663 1.173258 0.000000
    vertex 7.221937 1.143842 1.668907
  endloop
endfacet
facet normal 0.990687 0.077969 0.111624
  outer loop
    vertex 7.500000 0.000000 0.000000
    vertex 7.221937 1.143842 1.668907
    vertex 7.311959 0.000000 1.668907
  endloop
endfacet
facet normal 0.966293 0.231986 0.111624
  outer loop
    vertex 7.407663 1.173258 0.000000
    vertex 7.132924 2.317627 0.000000
    vertex 6.954087 2.259520 1.668907
  endloop
endfacet
facet normal 0.966293 0.231986 0.111624
  outer loop
    vertex 7.407663 1.173258 0.000000
    vertex 6.954087 2.259520 1.668907
    vertex 7.221937 1.143842 1.668907
  endloop
endfacet
facet normal 0.918106 0.380292 0.111624
  outer loop
    vertex 7.132924 2.317627 0.000000
    vertex 6.682549 3.404929 0.000000
    vertex 6.515003 3.319560 1.668907
  endloop
endfacet
facet normal 0.918106 0.380292 0.111624
  outer loop
    vertex 7.132924 2.317627 0.000000
    vertex 6.515003 3.319560 1.668907
    vertex 6.954087 2.259520 1.668907
  endloop
endfacet
facet normal 0.847312 0.519233 0.111624
  outer loop
    vertex 6.682549 3.404929 0.000000
    vertex 6.067627 4.408389 0.000000
    vertex 5.915499 4.297862 1.668907
  endloop
endfacet
facet normal 0.847312 0.519233 0.111624
  outer loop
    vertex 6.682549 3.404929 0.000000
    vertex 5.915499 4.297862 1.668907
    vertex 6.515003 3.319560 1.668907
  endloop
endfacet
facet normal 0.755654 0.645389 0.111624
  outer loop
    vertex 6.067627 4.408389 0.000000
    vertex 5.303301 5.303301 0.000000
    vertex 5.170336 5.170336 1.668907
  endloop
endfacet
facet normal 0.755654 0.645389 0.111624
  outer loop
    vertex 6.067627 4.408389 0.000000
    vertex 5.170336 5.170336 1.668907
    vertex 5.915499 4.297862 1.668907
  endloop
endfacet
facet normal 0.645389 0.755654 0.111624
  outer loop
    vertex 5.303301 5.303301 0.000000
    vertex 4.408389 6.067627 0.000000
    vertex 4.297862 5.915499 1.668907
  endloop
endfacet
facet normal 0.645389 0.755654 0.111624
  outer loop
    vertex 5.303301 5.303301 0.000000
    vertex 4.297862 5.915499 1.668907
    vertex 5.170336 5.170336 1.668907
  endloop
endfacet
facet normal 0.519233 0.847312 0.111624
  outer loop
    vertex 4.408389 6.067627 0.000000
    vertex 3.404929 6.682549 0.000000
    vertex 3.319560 6.515003 1.668907
  endloop
endfacet
facet normal 0.519233 0.847312 0.111624
  outer loop
    vertex 4.408389 6.067627 0.000000
    vertex 3.319560 6.515003 1.668907
    vertex 4.297862 5.915499 1.668907
  endloop
endfacet
facet normal 0.380292 0.918106 0.111624
  outer loop
    vertex 3.404929 6.682549 0.000000
    vertex 2.317627 7.132924 0.000000
    vertex 2.259520 6.954087 1.668907
  endloop
endfacet
facet normal 0.380292 0.918106 0.111624
  outer loop
    vertex 3.404929 6.682549 0.000000
    vertex 2.259520 6.954087 1.668907
    vertex 3.319560 6.515003 1.668907
  endloop
endfacet
facet normal 0.231986 0.966293 0.111624
  outer loop
    vertex 2.317627 7.132924 0.000000
    vertex 1.173258 7.407663 0.000000
    vertex 1.143842 7.221937 1.668907
  endloop
endfacet
facet normal 0.231986 0.966293 0.111624
  outer loop
    vertex 2.317627 7.132924 0.000000
    vertex 1.143842 7.221937 1.668907
    vertex 2.259520 6.954087 1.668907
  endloop
endfacet
facet normal 0.077969 0.990687 0.111624
  outer loop
    vertex 1.173258 7.407663 0.000000
    vertex 0.000000 7.500000 0.000000
    vertex 0.000000 7.311959 1.668907
  endloop
endfacet
facet normal 0.077969 0.990687 0.111624
  outer loop
    vertex 1.173258 7.407663 0.000000
    vertex 0.000000 7.311959 1.668907
    vertex 1.143842 7.221937 1.668907
  endloop
endfacet
facet normal -0.077969 0.990687 0.111624
  outer loop
    vertex 0.000000 7.500000 0.000000
    vertex -1.173258 7.407663 0.000000
    vertex -1.143842 7.221937 1.668907
  endloop
endfacet
facet normal -0.077969 0.990687 0.111624
  outer loop
    vertex 0.000000 7.500000 0.000000
    vertex -1.143842 7.221937 1.668907
    vertex 0.000000 7.311959 1.668907
  endloop
endfacet
facet normal -0.231986 0.966293 0.111624
  outer loop
    vertex -1.173258 7.407663 0.000000
    vertex -2.317627 7.132924 0.000000
    vertex -2.259520 6.954087 1.668907
  endloop
endfacet
facet normal -0.231986 0.966293 0.111624
  outer loop
    vertex -1.173258 7.407663 0.000000
    vertex -2.259520 6.954087 1.668907
    vertex -1.143842 7.221937 1.668907
  endloop
endfacet
facet normal -0.380292 0.918106 0.111624
  outer loop
    vertex -2.317627 7.132924 0.000000
    vertex -3.404929 6.682549 0.000000
    vertex -3.319560 6.515003 1.668907
  endloop
endfacet
facet normal -0.380292 0.918106 0.111624
  outer loop
    vertex -2.317627 7.132924 0.000000
    vertex -3.319560 6.515003 1.668907
    vertex -2.259520 6.954087 1.668907
  endloop
endfacet
facet normal -0.519233 0.847312 0.111624
  outer loop
    vertex -3.404929 6.682549 0.000000
    vertex -4.408389 6.067627 0.000000
    vertex -4.297862 5.915499 1.668907
  endloop
endfacet
facet normal -0.519233 0.847312 0.111624
  outer loop
    vertex -3.404929 6.682549 0.000000
    vertex -4.297862 5.915499 1.668907
    vertex -3.319560 6.515003 1.668907
  endloop
endfacet
facet normal -0.645389 0.755654 0.111624
  outer loop
    vertex -4.408389 6.067627 0.000000
    vertex -5.303301 5.303301 0.000000
    vertex -5.170336 5.170336 1.668907
  endloop
endfacet
facet normal -0.645389 0.755654 0.111624
  outer loop
    vertex -4.408389 6.067627 0.000000
    vertex -5.170336 5.170336 1.668907
    vertex -4.297862 5.915499 1.668907
  endloop
endfacet
facet normal -0.755654 0.645389 0.111624
  outer loop
    vertex -5.303301 5.303301 0.000000
    vertex -6.067627 4.408389 0.000000
    vertex -5.915499 4.297862 1.668907
  endloop
endfacet
facet normal -0.755654 0.645389 0.111624
  outer loop
    vertex -5.303301 5.303301 0.000000
    vertex -5.915499 4.297862 1.668907
    vertex -5.170336 5.170336 1.668907
  endloop
endfacet
facet normal -0.847312 0.519233 0.111624
  outer loop
    vertex -6.067627 4.408389 0.000000
    vertex -6.682549 3.404929 0.000000
    vertex -6.515003 3.319560 1.668907
  endloop
endfacet
facet normal -0.847312 0.519233 0.111624
  outer loop
    vertex -6.067627 4.408389 0.000000
    vertex -6.515003 3.319560 1.668907
    vertex -5.915499 4.297862 1.668907
  endloop
endfacet
facet normal -0.918106 0.380292 0.111624
  outer loop
    vertex -6.682549 3.404929 0.000000
    vertex -7.132924 2.317627 0.000000
    vertex -6.954087 2.259520 1.668907
  endloop
endfacet
facet normal -0.918106 0.380292 0.111624
  outer loop
    vertex -6.682549 3.404929 0.000000
    vertex -6.954087 2.259520 1.668907
    vertex -6.515003 3.319560 1.668907
  endloop
endfacet
facet normal -0.966293 0.231986 0.111624
  outer loop
    vertex -7.132924 2.317627 0.000000
    vertex -7.407663 1.173258 0.000000
    vertex -7.221937 1.143842 1.668907
  endloop
endfacet
facet normal -0.966293 0.231986 0.111624
  outer loop
    vertex -7.132924 2.317627 0.000000
    vertex -7.221937 1.143842 1.668907
    vertex -6.954087 2.259520 1.668907
  endloop
endfacet
facet normal -0.990687 0.077969 0.111624
  outer loop
    vertex -7.407663 1.173258 0.000000
    vertex -7.500000 0.000000 0.000000
    vertex -7.311959 0.000000 1.668907
  endloop
endfacet
facet normal -0.990687 0.077969 0.111624
  outer loop
    vertex -7.407663 1.173258 0.000000
    vertex -7.311959 0.000000 1.668907
    vertex -7.221937 1.143842 1.668907
  endloop
endfacet
facet normal -0.990687 -0.077969 0.111624
  outer loop
    vertex -7.500000 0.000000 0.000000
    vertex -7.407663 -1.173258 0.000000
    vertex -7.221937 -1.143842 1.668907
  endloop
endfacet
facet normal -0.990687 -0.077969 0.111624
  outer loop
    vertex -7.500000 0.000000 0.000000
    vertex -7.221937 -1.143842 1.668907
    vertex -7.311959 0.000000 1.668907
  endloop
endfacet
facet normal -0.966293 -0.231986 0.111624
  outer loop
    vertex -7.407663 -1.173258 0.000000
    vertex -7.132924 -2.317627 0.000000
    vertex -6.954087 -2.259520 1.668907
  endloop
endfacet
facet normal -0.966293 -0.231986 0.111624
  outer loop
    vertex -7.407663 -1.173258 0.000000
    vertex -6.954087 -2.259520 1.668907
    vertex -7.221937 -1.143842 1.668907
  endloop
endfacet
facet normal -0.918106 -0.380292 0.111624
  outer loop
    vertex -7.132924 -2.317627 0.000000
    vertex -6.682549 -3.404929 0.000000
    vertex -6.515003 -3.319560 1.668907
  endloop
endfacet
facet normal -0.918106 -0.380292 0.111624
  outer loop
    vertex -7.132924 -2.317627 0.000000
    vertex -6.515003 -3.319560 1.668907
    vertex -6.954087 -2.259520 1.668907
  endloop
endfacet
facet normal -0.847312 -0.519233 0.111624
  outer loop
    vertex -6.682549 -3.404929 0.000000
    vertex -6.067627 -4.408389 0.000000
    vertex -5.915499 -4.297862 1.668907
  endloop
endfacet
facet normal -0.847312 -0.519233 0.111624
  outer loop
    vertex -6.682549 -3.404929 0.000000
    vertex -5.915499 -4.297862 1.668907
    vertex -6.515003 -3.319560 1.668907
  endloop
endfacet
facet normal -0.755654 -0.645389 0.111624
  outer loop
    vertex -6.067627 -4.408389 0.000000
    vertex -5.303301 -5.303301 0.000000
    vertex -5.170336 -5.170336 1.668907
  endloop
endfacet
facet normal -0.755654 -0.645389 0.111624
  outer loop
    vertex -6.067627 -4.408389 0.000000
    vertex -5.170336 -5.170336 1.668907
    vertex -5.915499 -4.297862 1.668907
  endloop
endfacet
facet normal -0.645389 -0.755654 0.111624
  outer loop
    vertex -5.303301 -5.303301 0.000000
    vertex -4.408389 -6.067627 0.000000
    vertex -4.297862 -5.915499 1.668907
  endloop
endfacet
facet normal -0.645389 -0.755654 0.111624
  outer loop
    vertex -5.303301 -5.303301 0.000000
    vertex -4.297862 -5.915499 1.668907
    vertex -5.170336 -5.170336 1.668907
  endloop
endfacet
facet normal -0.519233 -0.847312 0.111624
  outer loop
    vertex -4.408389 -6.067627 0.000000
    vertex -3.404929 -6.682549 0.000000
    vertex -3.319560 -6.515003 1.668907
  endloop
endfacet
facet normal -0.519233 -0.847312 0.111624
  outer loop
    vertex -4.408389 -6.067627 0.000000
    vertex -3.319560 -6.515003 1.668907
    vertex -4.297862 -5.915499 1.668907
  endloop
endfacet
facet normal -0.380292 -0.918106 0.111624
  outer loop
    vertex -3.404929 -6.682549 0.000000
    vertex -2.317627 -7.132924 0.000000
    vertex -2.259520 -6.954087 1.668907
  endloop
endfacet
facet normal -0.380292 -0.918106 0.111624
  outer loop
    vertex -3.404929 -6.682549 0.000000
    vertex -2.259520 -6.954087 1.668907
    vertex -3.319560 -6.515003 1.668907
  endloop
endfacet
facet normal -0.231986 -0.966293 0.111624
  outer loop
    vertex -2.317627 -7.132924 0.000000
    vertex -1.173258 -7.407663 0.000000
    vertex -1.143842 -7.221937 1.668907
  endloop
endfacet
facet normal -0.231986 -0.966293 0.111624
  outer loop
    vertex -2.317627 -7.132924 0.000000
    vertex -1.143842 -7.221937 1.668907
    vertex -2.259520 -6.954087 1.668907
  endloop
endfacet
facet normal -0.077969 -0.990687 0.111624
  outer loop
    vertex -1.173258 -7.407663 0.000000
    vertex -0.000000 -7.500000 0.000000
    vertex -0.000000 -7.311959 1.668907
  endloop
endfacet
facet normal -0.077969 -0.990687 0.111624
  outer loop
    vertex -1.173258 -7.407663 0.000000
    vertex -0.000000 -7.311959 1.668907
    vertex -1.143842 -7.221937 1.668907
  endloop
endfacet
facet normal 0.077969 -0.990687 0.111624
  outer loop
    vertex -0.000000 -7.500000 0.000000
    vertex 1.173258 -7.407663 0.000000
    vertex 1.143842 -7.221937 1.668907
  endloop
endfacet
facet normal 0.077969 -0.990687 0.111624
  outer loop
    vertex -0.000000 -7.500000 0.000000
    vertex 1.143842 -7.221937 1.668907
    vertex -0.000000 -7.311959 1.668907
  endloop
endfacet
facet normal 0.231986 -0.966293 0.111624
  outer loop
    vertex 1.173258 -7.407663 0.000000
    vertex 2.317627 -7.132924 0.000000
    vertex 2.259520 -6.954087 1.668907
  endloop
endfacet
facet normal 0.231986 -0.966293 0.111624
  outer loop
    vertex 1.173258 -7.407663 0.000000
    vertex 2.259520 -6.954087 1.668907
    vertex 1.143842 -7.221937 1.668907
  endloop
endfacet
facet normal 0.380292 -0.918106 0.111624
  outer loop
    vertex 2.317627 -7.132924 0.000000
    vertex 3.404929 -6.682549 0.000000
    vertex 3.319560 -6.515003 1.668907
  endloop
endfacet
facet normal 0.380292 -0.918106 0.111624
  outer loop
    vertex 2.317627 -7.132924 0.000000
    vertex 3.319560 -6.515003 1.668907
    vertex 2.259520 -6.954087 1.668907
  endloop
endfacet
facet normal 0.519233 -0.847312 0.111624
  outer loop
    vertex 3.404929 -6.682549 0.000000
    vertex 4.408389 -6.067627 0.000000
    vertex 4.297862 -5.915499 1.668907
  endloop
endfacet
facet normal 0.519233 -0.847312 0.111624
  outer loop
    vertex 3.404929 -6.682549 0.000000
    vertex 4.297862 -5.915499 1.668907
    vertex 3.319560 -6.515003 1.668907
  endloop
endfacet
facet normal 0.645389 -0.755654 0.111624
  outer loop
    vertex 4.408389 -6.067627 0.000000
    vertex 5.303301 -5.303301 0.000000
    vertex 5.170336 -5.170336 1.668907
  endloop
endfacet
facet normal 0.645389 -0.755654 0.111624
  outer loop
    vertex 4.408389 -6.067627 0.000000
    vertex 5.170336 -5.170336 1.668907
    vertex 4.297862 -5.915499 1.668907
  endloop
endfacet
facet normal 0.755654 -0.645389 0.111624
  outer loop
    vertex 5.303301 -5.303301 0.000000
    vertex 6.067627 -4.408389 0.000000
    vertex 5.915499 -4.297862 1.668907
  endloop
endfacet
facet normal 0.755654 -0.645389 0.111624
  outer loop
    vertex 5.303301 -5.303301 0.000000
    vertex 5.915499 -4.297862 1.668907
    vertex 5.170336 -5.170336 1.668907
  endloop
endfacet
facet normal 0.847312 -0.519233 0.111624
  outer loop
    vertex 6.067627 -4.408389 0.000000
    vertex 6.682549 -3.404929 0.000000
    vertex 6.515003 -3.319560 1.668907
  endloop
endfacet
facet normal 0.847312 -0.519233 0.111624
  outer loop
    vertex 6.067627 -4.408389 0.000000
    vertex 6.515003 -3.319560 1.668907
    vertex 5.915499 -4.297862 1.668907
  endloop
endfacet
facet normal 0.918106 -0.380292 0.111624
  outer loop
    vertex 6.682549 -3.404929 0.000000
    vertex 7.132924 -2.317627 0.000000
    vertex 6.954087 -2.259520 1.668907
  endloop
endfacet
facet normal 0.918106 -0.380292 0.111624
  outer loop
    vertex 6.682549 -3.404929 0.000000
    vertex 6.954087 -2.259520 1.668907
    vertex 6.515003 -3.319560 1.668907
  endloop
endfacet
facet normal 0.966293 -0.231986 0.111624
  outer loop
    vertex 7.132924 -2.317627 0.000000
    vertex 7.407663 -1.173258 0.000000
    vertex 7.221937 -1.143842 1.668907
  endloop
endfacet
facet normal 0.966293 -0.231986 0.111624
  outer loop
    vertex 7.132924 -2.317627 0.000000
    vertex 7.221937 -1.143842 1.668907
    vertex 6.954087 -2.259520 1.668907
  endloop
endfacet
facet normal 0.990687 -0.077969 0.111624
  outer loop
    vertex 7.407663 -1.173258 0.000000
    vertex 7.500000 0.000000 0.000000
    vertex 7.311959 0.000000 1.668907
  endloop
endfacet
facet normal 0.990687 -0.077969 0.111624
  outer loop
    vertex 7.407663 -1.173258 0.000000
    vertex 7.311959 0.000000 1.668907
    vertex 7.221937 -1.143842 1.668907
  endloop
endfacet
facet normal 0.941290 0.074081 0.329372
  outer loop
    vertex 7.311959 0.000000 1.668907
    vertex 7.221937 1.143842 1.668907
    vertex 6.674073 1.057069 3.254128
  endloop
endfacet
facet normal 0.941290 0.074081 0.329372
  outer loop
    vertex 7.311959 0.000000 1.668907
    vertex 6.674073 1.057069 3.254128
    vertex 6.757267 0.000000 3.254128
  endloop
endfacet
facet normal 0.918112 0.220419 0.329372
  outer loop
    vertex 7.221937 1.143842 1.668907
    vertex 6.954087 2.259520 1.668907
    vertex 6.426542 2.088110 3.254128
  endloop
endfacet
facet normal 0.918112 0.220419 0.329372
  outer loop
    vertex 7.221937 1.143842 1.668907
    vertex 6.426542 2.088110 3.254128
    vertex 6.674073 1.057069 3.254128
  endloop
endfacet
facet normal 0.872327 0.361330 0.329372
  outer loop
    vertex 6.954087 2.259520 1.668907
    vertex 6.515003 3.319560 1.668907
    vertex 6.020769 3.067735 3.254128
  endloop
endfacet
facet normal 0.872327 0.361330 0.329372
  outer loop
    vertex 6.954087 2.259520 1.668907
    vertex 6.020769 3.067735 3.254128
    vertex 6.426542 2.088110 3.254128
  endloop
endfacet
facet normal 0.805063 0.493343 0.329372
  outer loop
    vertex 6.515003 3.319560 1.668907
    vertex 5.915499 4.297862 1.668907
    vertex 5.466743 3.971822 3.254128
  endloop
endfacet
facet normal 0.805063 0.493343 0.329372
  outer loop
    vertex 6.515003 3.319560 1.668907
    vertex 5.466743 3.971822 3.254128
    vertex 6.020769 3.067735 3.254128
  endloop
endfacet
facet normal 0.717976 0.613209 0.329372
  outer loop
    vertex 5.915499 4.297862 1.668907
    vertex 5.170336 5.170336 1.668907
    vertex 4.778109 4.778109 3.254128
  endloop
endfacet
facet normal 0.717976 0.613209 0.329372
  outer loop
    vertex 5.915499 4.297862 1.668907
    vertex 4.778109 4.778109 3.254128
    vertex 5.466743 3.971822 3.254128
  endloop
endfacet
facet normal 0.613209 0.717976 0.329372
  outer loop
    vertex 5.170336 5.170336 1.668907
    vertex 4.297862 5.915499 1.668907
    vertex 3.971822 5.466743 3.254128
  endloop
endfacet
facet normal 0.613209 0.717976 0.329372
  outer loop
    vertex 5.170336 5.170336 1.668907
    vertex 3.971822 5.466743 3.254128
    vertex 4.778109 4.778109 3.254128
  endloop
endfacet
facet normal 0.493343 0.805063 0.329372
  outer loop
    vertex 4.297862 5.915499 1.668907
    vertex 3.319560 6.515003 1.668907
    vertex 3.067735 6.020769 3.254128
  endloop
endfacet
facet normal 0.493343 0.805063 0.329372
  outer loop
    vertex 4.297862 5.915499 1.668907
    vertex 3.067735 6.020769 3.254128
    vertex 3.971822 5.466743 3.254128
  endloop
endfacet
facet normal 0.361330 0.872327 0.329372
  outer loop
    vertex 3.319560 6.515003 1.668907
    vertex 2.259520 6.954087 1.668907
    vertex 2.088110 6.426542 3.254128
  endloop
endfacet
facet normal 0.361330 0.872327 0.329372
  outer loop
    vertex 3.319560 6.515003 1.668907
    vertex 2.088110 6.426542 3.254128
    vertex 3.067735 6.020769 3.254128
  endloop
endfacet
facet normal 0.220419 0.918112 0.329372
  outer loop
    vertex 2.259520 6.954087 1.668907
    vertex 1.143842 7.221937 1.668907
    vertex 1.057069 6.674073 3.254128
  endloop
endfacet
facet normal 0.220419 0.918112 0.329372
  outer loop
    vertex 2.259520 6.954087 1.668907
    vertex 1.057069 6.674073 3.254128
    vertex 2.088110 6.426542 3.254128
  endloop
endfacet
facet normal 0.074081 0.941290 0.329372
  outer loop
    vertex 1.143842 7.221937 1.668907
    vertex 0.000000 7.311959 1.668907
    vertex 0.000000 6.757267 3.254128
  endloop
endfacet
facet normal 0.074081 0.941290 0.329372
  outer loop
    vertex 1.143842 7.221937 1.668907
    vertex 0.000000 6.757267 3.254128
    vertex 1.057069 6.674073 3.254128
  endloop
endfacet
facet normal -0.074081 0.941290 0.329372
  outer loop
    vertex 0.000000 7.311959 1.668907
    vertex -1.143842 7.221937 1.668907
    vertex -1.057069 6.674073 3.254128
  endloop
endfacet
facet normal -0.074081 0.941290 0.329372
  outer loop
    vertex 0.000000 7.311959 1.668907
    vertex -1.057069 6.674073 3.254128
    vertex 0.000000 6.757267 3.254128
  endloop
endfacet
facet normal -0.220419 0.918112 0.329372
  outer loop
    vertex -1.143842 7.221937 1.668907
    vertex -2.259520 6.954087 1.668907
    vertex -2.088110 6.426542 3.254128
  endloop
endfacet
facet normal -0.220419 0.918112 0.329372
  outer loop
    vertex -1.143842 7.221937 1.668907
    vertex -2.088110 6.426542 3.254128
    vertex -1.057069 6.674073 3.254128
  endloop
endfacet
facet normal -0.361330 0.872327 0.329372
  outer loop
    vertex -2.259520 6.954087 1.668907
    vertex -3.319560 6.515003 1.668907
    vertex -3.067735 6.020769 3.254128
  endloop
endfacet
facet normal -0.361330 0.872327 0.329372
  outer loop
    vertex -2.259520 6.954087 1.668907
    vertex -3.067735 6.020769 3.254128
    vertex -2.088110 6.426542 3.254128
  endloop
endfacet
facet normal -0.493343 0.805063 0.329372
  outer loop
    vertex -3.319560 6.515003 1.668907
    vertex -4.297862 5.915499 1.668907
    vertex -3.971822 5.466743 3.254128
  endloop
endfacet
facet normal -0.493343 0.805063 0.329372
  outer loop
    vertex -3.319560 6.515003 1.668907
    vertex -3.971822 5.466743 3.254128
    vertex -3.067735 6.020769 3.254128
  endloop
endfacet
facet normal -0.613209 0.717976 0.329372
  outer loop
    vertex -4.297862 5.915499 1.668907
    vertex -5.170336 5.170336 1.668907
    vertex -4.778109 4.778109 3.254128
  endloop
endfacet
facet normal -0.613209 0.717976 0.329372
  outer loop
    vertex -4.297862 5.915499 1.668907
    vertex -4.778109 4.778109 3.254128
    vertex -3.971822 5.466743 3.254128
  endloop
endfacet
facet normal -0.717976 0.613209 0.329372
  outer loop
    vertex -5.170336 5.170336 1.668907
    vertex -5.915499 4.297862 1.668907
    vertex -5.466743 3.971822 3.254128
  endloop
endfacet
facet normal -0.717976 0.613209 0.329372
  outer loop
    vertex -5.170336 5.170336 1.668907
    vertex -5.466743 3.971822 3.254128
    vertex -4.778109 4.778109 3.254128
  endloop
endfacet
facet normal -0.805063 0.493343 0.329372
  outer loop
    vertex -5.915499 4.297862 1.668907
    vertex -6.515003 3.319560 1.668907
    vertex -6.020769 3.067735 3.254128
  endloop
endfacet
facet normal -0.805063 0.493343 0.329372
  outer loop
    vertex -5.915499 4.297862 1.668907
    vertex -6.020769 3.067735 3.254128
    vertex -5.466743 3.971822 3.254128
  endloop
endfacet
facet normal -0.872327 0.361330 0.329372
  outer loop
    vertex -6.515003 3.319560 1.668907
    vertex -6.954087 2.259520 1.668907
    vertex -6.426542 2.088110 3.254128
  endloop
endfacet
facet normal -0.872327 0.361330 0.329372
  outer loop
    vertex -6.515003 3.319560 1.668907
    vertex -6.426542 2.088110 3.254128
    vertex -6.020769 3.067735 3.254128
  endloop
endfacet
facet normal -0.918112 0.220419 0.329372
  outer loop
    vertex -6.954087 2.259520 1.668907
    vertex -7.221937 1.143842 1.668907
    vertex -6.674073 1.057069 3.254128
  endloop
endfacet
facet normal -0.918112 0.220419 0.329372
  outer loop
    vertex -6.954087 2.259520 1.668907
    vertex -6.674073 1.057069 3.254128
    vertex -6.426542 2.088110 3.254128
  endloop
endfacet
facet normal -0.941290 0.074081 0.329372
  outer loop
    vertex -7.221937 1.143842 1.668907
    vertex -7.311959 0.000000 1.668907
    vertex -6.757267 0.000000 3.254128
  endloop
endfacet
facet normal -0.941290 0.074081 0.329372
  outer loop
    vertex -7.221937 1.143842 1.668907
    vertex -6.757267 0.000000 3.254128
    vertex -6.674073 1.057069 3.254128
  endloop
endfacet
facet normal -0.941290 -0.074081 0.329372
  outer loop
    vertex -7.311959 0.000000 1.668907
    vertex -7.221937 -1.143842 1.668907
    vertex -6.674073 -1.057069 3.254128
  endloop
endfacet
facet normal -0.941290 -0.074081 0.329372
  outer loop
    vertex -7.311959 0.000000 1.668907
    vertex -6.674073 -1.057069 3.254128
    vertex -6.757267 0.000000 3.254128
  endloop
endfacet
facet normal -0.918112 -0.220419 0.329372
  outer loop
    vertex -7.221937 -1.143842 1.668907
    vertex -6.954087 -2.259520 1.668907
    vertex -6.426542 -2.088110 3.254128
  endloop
endfacet
facet normal -0.918112 -0.220419 0.329372
  outer loop
    vertex -7.221937 -1.143842 1.668907
    vertex -6.426542 -2.088110 3.254128
    vertex -6.674073 -1.057069 3.254128
  endloop
endfacet
facet normal -0.872327 -0.361330 0.329372
  outer loop
    vertex -6.954087 -2.259520 1.668907
    vertex -6.515003 -3.319560 1.668907
    vertex -6.020769 -3.067735 3.254128
  endloop
endfacet
facet normal -0.872327 -0.361330 0.329372
  outer loop
    vertex -6.954087 -2.259520 1.668907
    vertex -6.020769 -3.067735 3.254128
    vertex -6.426542 -2.088110 3.254128
  endloop
endfacet
facet normal -0.805063 -0.493343 0.329372
  outer loop
    vertex -6.515003 -3.319560 1.668907
    vertex -5.915499 -4.297862 1.668907
    vertex -5.466743 -3.971822 3.254128
  endloop
endfacet
facet normal -0.805063 -0.493343 0.329372
  outer loop
    vertex -6.515003 -3.319560 1.668907
    vertex -5.466743 -3.971822 3.254128
    vertex -6.020769 -3.067735 3.254128
  endloop
endfacet
facet normal -0.717976 -0.613209 0.329372
  outer loop
    vertex -5.915499 -4.297862 1.668907
    vertex -5.170336 -5.170336 1.668907
    vertex -4.778109 -4.778109 3.254128
  endloop
endfacet
facet normal -0.717976 -0.613209 0.329372
  outer loop
    vertex -5.915499 -4.297862 1.668907
    vertex -4.778109 -4.778109 3.254128
    vertex -5.466743 -3.971822 3.254128
  endloop
endfacet
facet normal -0.613209 -0.717976 0.329372
  outer loop
    vertex -5.170336 -5.170336 1.668907
    vertex -4.297862 -5.915499 1.668907
    vertex -3.971822 -5.466743 3.254128
  endloop
endfacet
facet normal -0.613209 -0.717976 0.329372
  outer loop
    vertex -5.170336 -5.170336 1.668907
    vertex -3.971822 -5.466743 3.254128
    vertex -4.778109 -4.778109 3.254128
  endloop
endfacet
facet normal -0.493343 -0.805063 0.329372
  outer loop
    vertex -4.297862 -5.915499 1.668907
    vertex -3.319560 -6.515003 1.668907
    vertex -3.067735 -6.020769 3.254128
  endloop
endfacet
facet normal -0.493343 -0.805063 0.329372
  outer loop
    vertex -4.297862 -5.915499 1.668907
    vertex -3.067735 -6.020769 3.254128
    vertex -3.971822 -5.466743 3.254128
  endloop
endfacet
facet normal -0.361330 -0.872327 0.329372
  outer loop
    vertex -3.319560 -6.515003 1.668907
    vertex -2.259520 -6.954087 1.668907
    vertex -2.088110 -6.426542 3.254128
  endloop
endfacet
facet normal -0.361330 -0.872327 0.329372
  outer loop
    vertex -3.319560 -6.515003 1.668907
    vertex -2.088110 -6.426542 3.254128
    vertex -3.067735 -6.020769 3.254128
  endloop
endfacet
facet normal -0.220419 -0.918112 0.329372
  outer loop
    vertex -2.259520 -6.954087 1.668907
    vertex -1.143842 -7.221937 1.668907
    vertex -1.057069 -6.674073 3.254128
  endloop
endfacet
facet normal -0.220419 -0.918112 0.329372
  outer loop
    vertex -2.259520 -6.954087 1.668907
    vertex -1.057069 -6.674073 3.254128
    vertex -2.088110 -6.426542 3.254128
  endloop
endfacet
facet normal -0.074081 -0.941290 0.329372
  outer loop
    vertex -1.143842 -7.221937 1.668907
    vertex -0.000000 -7.311959 1.668907
    vertex -0.000000 -6.757267 3.254128
  endloop
endfacet
facet normal -0.074081 -0.941290 0.329372
  outer loop
    vertex -1.143842 -7.221937 1.668907
    vertex -0.000000 -6.757267 3.254128
    vertex -1.057069 -6.674073 3.254128
  endloop
endfacet
facet normal 0.074081 -0.941290 0.329372
  outer loop
    vertex -0.000000 -7.311959 1.668907
    vertex 1.143842 -7.221937 1.668907
    vertex 1.057069 -6.674073 3.254128
  endloop
endfacet
facet normal 0.074081 -0.941290 0.329372
  outer loop
    vertex -0.000000 -7.311959 1.668907
    vertex 1.057069 -6.674073 3.254128
    vertex -0.000000 -6.757267 3.254128
  endloop
endfacet
facet normal 0.220419 -0.918112 0.329372
  outer loop
    vertex 1.143842 -7.221937 1.668907
    vertex 2.259520 -6.954087 1.668907
    vertex 2.088110 -6.426542 3.254128
  endloop
endfacet
facet normal 0.220419 -0.918112 0.329372
  outer loop
    vertex 1.143842 -7.221937 1.668907
    vertex 2.088110 -6.426542 3.254128
    vertex 1.057069 -6.674073 3.254128
  endloop
endfacet
facet normal 0.361330 -0.872327 0.329372
  outer loop
    vertex 2.259520 -6.954087 1.668907
    vertex 3.319560 -6.515003 1.668907
    vertex 3.067735 -6.020769 3.254128
  endloop
endfacet
facet normal 0.361330 -0.872327 0.329372
  outer loop
    vertex 2.259520 -6.954087 1.668907
    vertex 3.067735 -6.020769 3.254128
    vertex 2.088110 -6.426542 3.254128
  endloop
endfacet
facet normal 0.493343 -0.805063 0.329372
  outer loop
    vertex 3.319560 -6.515003 1.668907
    vertex 4.297862 -5.915499 1.668907
    vertex 3.971822 -5.466743 3.254128
  endloop
endfacet
facet normal 0.493343 -0.805063 0.329372
  outer loop
    vertex 3.319560 -6.515003 1.668907
    vertex 3.971822 -5.466743 3.254128
    vertex 3.067735 -6.020769 3.254128
  endloop
endfacet
facet normal 0.613209 -0.717976 0.329372
  outer loop
    vertex 4.297862 -5.915499 1.668907
    vertex 5.170336 -5.170336 1.668907
    vertex 4.778109 -4.778109 3.254128
  endloop
endfacet
facet normal 0.613209 -0.717976 0.329372
  outer loop
    vertex 4.297862 -5.915499 1.668907
    vertex 4.778109 -4.778109 3.254128
    vertex 3.971822 -5.466743 3.254128
  endloop
endfacet
facet normal 0.717976 -0.613209 0.329372
  outer loop
    vertex 5.170336 -5.170336 1.668907
    vertex 5.915499 -4.297862 1.668907
    vertex 5.466743 -3.971822 3.254128
  endloop
endfacet
facet normal 0.717976 -0.613209 0.329372
  outer loop
    vertex 5.170336 -5.170336 1.668907
    vertex 5.466743 -3.971822 3.254128
    vertex 4.778109 -4.778109 3.254128
  endloop
endfacet
facet normal 0.805063 -0.493343 0.329372
  outer loop
    vertex 5.915499 -4.297862 1.668907
    vertex 6.515003 -3.319560 1.668907
    vertex 6.020769 -3.067735 3.254128
  endloop
endfacet
facet normal 0.805063 -0.493343 0.329372
  outer loop
    vertex 5.915499 -4.297862 1.668907
    vertex 6.020769 -3.067735 3.254128
    vertex 5.466743 -3.971822 3.254128
  endloop
endfacet
facet normal 0.872327 -0.361330 0.329372
  outer loop
    vertex 6.515003 -3.319560 1.668907
    vertex 6.954087 -2.259520 1.668907
    vertex 6.426542 -2.088110 3.254128
  endloop
endfacet
facet normal 0.872327 -0.361330 0.329372
  outer loop
    vertex 6.515003 -3.319560 1.668907
    vertex 6.426542 -2.088110 3.254128
    vertex 6.020769 -3.067735 3.254128
  endloop
endfacet
facet normal 0.918112 -0.220419 0.329372
  outer loop
    vertex 6.954087 -2.259520 1.668907
    vertex 7.221937 -1.143842 1.668907
    vertex 6.674073 -1.057069 3.254128
  endloop
endfacet
facet normal 0.918112 -0.220419 0.329372
  outer loop
    vertex 6.954087 -2.259520 1.668907
    vertex 6.674073 -1.057069 3.254128
    vertex 6.426542 -2.088110 3.254128
  endloop
endfacet
facet normal 0.941290 -0.074081 0.329372
  outer loop
    vertex 7.221937 -1.143842 1.668907
    vertex 7.311959 0.000000 1.668907
    vertex 6.757267 0.000000 3.254128
  endloop
endfacet
facet normal 0.941290 -0.074081 0.329372
  outer loop
    vertex 7.221937 -1.143842 1.668907
    vertex 6.757267 0.000000 3.254128
    vertex 6.674073 -1.057069 3.254128
  endloop
endfacet
facet normal 0.844850 0.066491 0.530855
  outer loop
    vertex 6.757267 0.000000 3.254128
    vertex 6.674073 1.057069 3.254128
    vertex 5.791544 0.917290 4.676174
  endloop
endfacet
facet normal 0.844850 0.066491 0.530855
  outer loop
    vertex 6.757267 0.000000 3.254128
    vertex 5.791544 0.917290 4.676174
    vertex 5.863736 0.000000 4.676174
  endloop
endfacet
facet normal 0.824047 0.197836 0.530855
  outer loop
    vertex 6.674073 1.057069 3.254128
    vertex 6.426542 2.088110 3.254128
    vertex 5.576744 1.811994 4.676174
  endloop
endfacet
facet normal 0.824047 0.197836 0.530855
  outer loop
    vertex 6.674073 1.057069 3.254128
    vertex 5.576744 1.811994 4.676174
    vertex 5.791544 0.917290 4.676174
  endloop
endfacet
facet normal 0.782954 0.324310 0.530855
  outer loop
    vertex 6.426542 2.088110 3.254128
    vertex 6.020769 3.067735 3.254128
    vertex 5.224627 2.662080 4.676174
  endloop
endfacet
facet normal 0.782954 0.324310 0.530855
  outer loop
    vertex 6.426542 2.088110 3.254128
    vertex 5.224627 2.662080 4.676174
    vertex 5.576744 1.811994 4.676174
  endloop
endfacet
facet normal 0.722581 0.442798 0.530855
  outer loop
    vertex 6.020769 3.067735 3.254128
    vertex 5.466743 3.971822 3.254128
    vertex 4.743862 3.446618 4.676174
  endloop
endfacet
facet normal 0.722581 0.442798 0.530855
  outer loop
    vertex 6.020769 3.067735 3.254128
    vertex 4.743862 3.446618 4.676174
    vertex 5.224627 2.662080 4.676174
  endloop
endfacet
facet normal 0.644416 0.550383 0.530855
  outer loop
    vertex 5.466743 3.971822 3.254128
    vertex 4.778109 4.778109 3.254128
    vertex 4.146288 4.146288 4.676174
  endloop
endfacet
facet normal 0.644416 0.550383 0.530855
  outer loop
    vertex 5.466743 3.971822 3.254128
    vertex 4.146288 4.146288 4.676174
    vertex 4.743862 3.446618 4.676174
  endloop
endfacet
facet normal 0.550383 0.644416 0.530855
  outer loop
    vertex 4.778109 4.778109 3.254128
    vertex 3.971822 5.466743 3.254128
    vertex 3.446618 4.743862 4.676174
  endloop
endfacet
facet normal 0.550383 0.644416 0.530855
  outer loop
    vertex 4.778109 4.778109 3.254128
    vertex 3.446618 4.743862 4.676174
    vertex 4.146288 4.146288 4.676174
  endloop
endfacet
facet normal 0.442798 0.722581 0.530855
  outer loop
    vertex 3.971822 5.466743 3.254128
    vertex 3.067735 6.020769 3.254128
    vertex 2.662080 5.224627 4.676174
  endloop
endfacet
facet normal 0.442798 0.722581 0.530855
  outer loop
    vertex 3.971822 5.466743 3.254128
    vertex 2.662080 5.224627 4.676174
    vertex 3.446618 4.743862 4.676174
  endloop
endfacet
facet normal 0.324310 0.782954 0.530855
  outer loop
    vertex 3.067735 6.020769 3.254128
    vertex 2.088110 6.426542 3.254128
    vertex 1.811994 5.576744 4.676174
  endloop
endfacet
facet normal 0.324310 0.782954 0.530855
  outer loop
    vertex 3.067735 6.020769 3.254128
    vertex 1.811994 5.576744 4.676174
    vertex 2.662080 5.224627 4.676174
  endloop
endfacet
facet normal 0.197836 0.824047 0.530855
  outer loop
    vertex 2.088110 6.426542 3.254128
    vertex 1.057069 6.674073 3.254128
    vertex 0.917290 5.791544 4.676174
  endloop
endfacet
facet normal 0.197836 0.824047 0.530855
  outer loop
    vertex 2.088110 6.426542 3.254128
    vertex 0.917290 5.791544 4.676174
    vertex 1.811994 5.576744 4.676174
  endloop
endfacet
facet normal 0.066491 0.844850 0.530855
  outer loop
    vertex 1.057069 6.674073 3.254128
    vertex 0.000000 6.757267 3.254128
    vertex 0.000000 5.863736 4.676174
  endloop
endfacet
facet normal 0.066491 0.844850 0.530855
  outer loop
    vertex 1.057069 6.674073 3.254128
    vertex 0.000000 5.863736 4.676174
    vertex 0.917290 5.791544 4.676174
  endloop
endfacet
facet normal -0.066491 0.844850 0.530855
  outer loop
    vertex 0.000000 6.757267 3.254128
    vertex -1.057069 6.674073 3.254128
    vertex -0.917290 5.791544 4.676174
  endloop
endfacet
facet normal -0.066491 0.844850 0.530855
  outer loop
    vertex 0.000000 6.757267 3.254128
    vertex -0.917290 5.791544 4.676174
    vertex 0.000000 5.863736 4.676174
  endloop
endfacet
facet normal -0.197836 0.824047 0.530855
  outer loop
    vertex -1.057069 6.674073 3.254128
    vertex -2.088110 6.426542 3.254128
    vertex -1.811994 5.576744 4.676174
  endloop
endfacet
facet normal -0.197836 0.824047 0.530855
  outer loop
    vertex -1.057069 6.674073 3.254128
    vertex -1.811994 5.576744 4.676174
    vertex -0.917290 5.791544 4.676174
  endloop
endfacet
facet normal -0.324310 0.782954 0.530855
  outer loop
    vertex -2.088110 6.426542 3.254128
    vertex -3.067735 6.020769 3.254128
    vertex -2.662080 5.224627 4.676174
  endloop
endfacet
facet normal -0.324310 0.782954 0.530855
  outer loop
    vertex -2.088110 6.426542 3.254128
    vertex -2.662080 5.224627 4.676174
    vertex -1.811994 5.576744 4.676174
  endloop
endfacet
facet normal -0.442798 0.722581 0.530855
  outer loop
    vertex -3.067735 6.020769 3.254128
    vertex -3.971822 5.466743 3.254128
    vertex -3.446618 4.743862 4.676174
  endloop
endfacet
facet normal -0.442798 0.722581 0.530855
  outer loop
    vertex -3.067735 6.020769 3.254128
    vertex -3.446618 4.743862 4.676174
    vertex -2.662080 5.224627 4.676174
  endloop
endfacet
facet normal -0.550383 0.644416 0.530855
  outer loop
    vertex -3.971822 5.466743 3.254128
    vertex -4.778109 4.778109 3.254128
    vertex -4.146288 4.146288 4.676174
  endloop
endfacet
facet normal -0.550383 0.644416 0.530855
  outer loop
    vertex -3.971822 5.466743 3.254128
    vertex -4.146288 4.146288 4.676174
    vertex -3.446618 4.743862 4.676174
  endloop
endfacet
facet normal -0.644416 0.550383 0.530855
  outer loop
    vertex -4.778109 4.778109 3.254128
    vertex -5.466743 3.971822 3.254128
    vertex -4.743862 3.446618 4.676174
  endloop
endfacet
facet normal -0.644416 0.550383 0.530855
  outer loop
    vertex -4.778109 4.778109 3.254128
    vertex -4.743862 3.446618 4.676174
    vertex -4.146288 4.146288 4.676174
  endloop
endfacet
facet normal -0.722581 0.442798 0.530855
  outer loop
    vertex -5.466743 3.971822 3.254128
    vertex -6.020769 3.067735 3.254128
    vertex -5.224627 2.662080 4.676174
  endloop
endfacet
facet normal -0.722581 0.442798 0.530855
  outer loop
    vertex -5.466743 3.971822 3.254128
    vertex -5.224627 2.662080 4.676174
    vertex -4.743862 3.446618 4.676174
  endloop
endfacet
facet normal -0.782954 0.324310 0.530855
  outer loop
    vertex -6.020769 3.067735 3.254128
    vertex -6.426542 2.088110 3.254128
    vertex -5.576744 1.811994 4.676174
  endloop
endfacet
facet normal -0.782954 0.324310 0.530855
  outer loop
    vertex -6.020769 3.067735 3.254128
    vertex -5.576744 1.811994 4.676174
    vertex -5.224627 2.662080 4.676174
  endloop
endfacet
facet normal -0.824047 0.197836 0.530855
  outer loop
    vertex -6.426542 2.088110 3.254128
    vertex -6.674073 1.057069 3.254128
    vertex -5.791544 0.917290 4.676174
  endloop
endfacet
facet normal -0.824047 0.197836 0.530855
  outer loop
    vertex -6.426542 2.088110 3.254128
    vertex -5.791544 0.917290 4.676174
    vertex -5.576744 1.811994 4.676174
  endloop
endfacet
facet normal -0.844850 0.066491 0.530855
  outer loop
    vertex -6.674073 1.057069 3.254128
    vertex -6.757267 0.000000 3.254128
    vertex -5.863736 0.000000 4.676174
  endloop
endfacet
facet normal -0.844850 0.066491 0.530855
  outer loop
    vertex -6.674073 1.057069 3.254128
    vertex -5.863736 0.000000 4.676174
    vertex -5.791544 0.917290 4.676174
  endloop
endfacet
facet normal -0.844850 -0.066491 0.530855
  outer loop
    vertex -6.757267 0.000000 3.254128
    vertex -6.674073 -1.057069 3.254128
    vertex -5.791544 -0.917290 4.676174
  endloop
endfacet
facet normal -0.844850 -0.066491 0.530855
  outer loop
    vertex -6.757267 0.000000 3.254128
    vertex -5.791544 -0.917290 4.676174
    vertex -5.863736 0.000000 4.676174
  endloop
endfacet
facet normal -0.824047 -0.197836 0.530855
  outer loop
    vertex -6.674073 -1.057069 3.254128
    vertex -6.426542 -2.088110 3.254128
    vertex -5.576744 -1.811994 4.676174
  endloop
endfacet
facet normal -0.824047 -0.197836 0.530855
  outer loop
    vertex -6.674073 -1.057069 3.254128
    vertex -5.576744 -1.811994 4.676174
    vertex -5.791544 -0.917290 4.676174
  endloop
endfacet
facet normal -0.782954 -0.324310 0.530855
  outer loop
    vertex -6.426542 -2.088110 3.254128
    vertex -6.020769 -3.067735 3.254128
    vertex -5.224627 -2.662080 4.676174
  endloop
endfacet
facet normal -0.782954 -0.324310 0.530855
  outer loop
    vertex -6.426542 -2.088110 3.254128
    vertex -5.224627 -2.662080 4.676174
    vertex -5.576744 -1.811994 4.676174
  endloop
endfacet
facet normal -0.722581 -0.442798 0.530855
  outer loop
    vertex -6.020769 -3.067735 3.254128
    vertex -5.466743 -3.971822 3.254128
    vertex -4.743862 -3.446618 4.676174
  endloop
endfacet
facet normal -0.722581 -0.442798 0.530855
  outer loop
    vertex -6.020769 -3.067735 3.254128
    vertex -4.743862 -3.446618 4.676174
    vertex -5.224627 -2.662080 4.676174
  endloop
endfacet
facet normal -0.644416 -0.550383 0.530855
  outer loop
    vertex -5.466743 -3.971822 3.254128
    vertex -4.778109 -4.778109 3.254128
    vertex -4.146288 -4.146288 4.676174
  endloop
endfacet
facet normal -0.644416 -0.550383 0.530855
  outer loop
    vertex -5.466743 -3.971822 3.254128
    vertex -4.146288 -4.146288 4.676174
    vertex -4.743862 -3.446618 4.676174
  endloop
endfacet
facet normal -0.550383 -0.644416 0.530855
  outer loop
    vertex -4.778109 -4.778109 3.254128
    vertex -3.971822 -5.466743 3.254128
    vertex -3.446618 -4.743862 4.676174
  endloop
endfacet
facet normal -0.550383 -0.644416 0.530855
  outer loop
    vertex -4.778109 -4.778109 3.254128
    vertex -3.446618 -4.743862 4.676174
    vertex -4.146288 -4.146288 4.676174
  endloop
endfacet
facet normal -0.442798 -0.722581 0.530855
  outer loop
    vertex -3.971822 -5.466743 3.254128
    vertex -3.067735 -6.020769 3.254128
    vertex -2.662080 -5.224627 4.676174
  endloop
endfacet
facet normal -0.442798 -0.722581 0.530855
  outer loop
    vertex -3.971822 -5.466743 3.254128
    vertex -2.662080 -5.224627 4.676174
    vertex -3.446618 -4.743862 4.676174
  endloop
endfacet
facet normal -0.324310 -0.782954 0.530855
  outer loop
    vertex -3.067735 -6.020769 3.254128
    vertex -2.088110 -6.426542 3.254128
    vertex -1.811994 -5.576744 4.676174
  endloop
endfacet
facet normal -0.324310 -0.782954 0.530855
  outer loop
    vertex -3.067735 -6.020769 3.254128
    vertex -1.811994 -5.576744 4.676174
    vertex -2.662080 -5.224627 4.676174
  endloop
endfacet
facet normal -0.197836 -0.824047 0.530855
  outer loop
    vertex -2.088110 -6.426542 3.254128
    vertex -1.057069 -6.674073 3.254128
    vertex -0.917290 -5.791544 4.676174
  endloop
endfacet
facet normal -0.197836 -0.824047 0.530855
  outer loop
    vertex -2.088110 -6.426542 3.254128
    vertex -0.917290 -5.791544 4.676174
    vertex -1.811994 -5.576744 4.676174
  endloop
endfacet
facet normal -0.066491 -0.844850 0.530855
  outer loop
    vertex -1.057069 -6.674073 3.254128
    vertex -0.000000 -6.757267 3.254128
    vertex -0.000000 -5.863736 4.676174
  endloop
endfacet
facet normal -0.066491 -0.844850 0.530855
  outer loop
    vertex -1.057069 -6.674073 3.254128
    vertex -0.000000 -5.863736 4.676174
    vertex -0.917290 -5.791544 4.676174
  endloop
endfacet
facet normal 0.066491 -0.844850 0.530855
  outer loop
    vertex -0.000000 -6.757267 3.254128
    vertex 1.057069 -6.674073 3.254128
    vertex 0.917290 -5.791544 4.676174
  endloop
endfacet
facet normal 0.066491 -0.844850 0.530855
  outer loop
    vertex -0.000000 -6.757267 3.254128
    vertex 0.917290 -5.791544 4.676174
    vertex -0.000000 -5.863736 4.676174
  endloop
endfacet
facet normal 0.197836 -0.824047 0.530855
  outer loop
    vertex 1.057069 -6.674073 3.254128
    vertex 2.088110 -6.426542 3.254128
    vertex 1.811994 -5.576744 4.676174
  endloop
endfacet
facet normal 0.197836 -0.824047 0.530855
  outer loop
    vertex 1.057069 -6.674073 3.254128
    vertex 1.811994 -5.576744 4.676174
    vertex 0.917290 -5.791544 4.676174
  endloop
endfacet
facet normal 0.324310 -0.782954 0.530855
  outer loop
    vertex 2.088110 -6.426542 3.254128
    vertex 3.067735 -6.020769 3.254128
    vertex 2.662080 -5.224627 4.676174
  endloop
endfacet
facet normal 0.324310 -0.782954 0.530855
  outer loop
    vertex 2.088110 -6.426542 3.254128
    vertex 2.662080 -5.224627 4.676174
    vertex 1.811994 -5.576744 4.676174
  endloop
endfacet
facet normal 0.442798 -0.722581 0.530855
  outer loop
    vertex 3.067735 -6.020769 3.254128
    vertex 3.971822 -5.466743 3.254128
    vertex 3.446618 -4.743862 4.676174
  endloop
endfacet
facet normal 0.442798 -0.722581 0.530855
  outer loop
    vertex 3.067735 -6.020769 3.254128
    vertex 3.446618 -4.743862 4.676174
    vertex 2.662080 -5.224627 4.676174
  endloop
endfacet
facet normal 0.550383 -0.644416 0.530855
  outer loop
    vertex 3.971822 -5.466743 3.254128
    vertex 4.778109 -4.778109 3.254128
    vertex 4.146288 -4.146288 4.676174
  endloop
endfacet
facet normal 0.550383 -0.644416 0.530855
  outer loop
    vertex 3.971822 -5.466743 3.254128
    vertex 4.146288 -4.146288 4.676174
    vertex 3.446618 -4.743862 4.676174
  endloop
endfacet
facet normal 0.644416 -0.550383 0.530855
  outer loop
    vertex 4.778109 -4.778109 3.254128
    vertex 5.466743 -3.971822 3.254128
    vertex 4.743862 -3.446618 4.676174
  endloop
endfacet
facet normal 0.644416 -0.550383 0.530855
  outer loop
    vertex 4.778109 -4.778109 3.254128
    vertex 4.743862 -3.446618 4.676174
    vertex 4.146288 -4.146288 4.676174
  endloop
endfacet
facet normal 0.722581 -0.442798 0.530855
  outer loop
    vertex 5.466743 -3.971822 3.254128
    vertex 6.020769 -3.067735 3.254128
    vertex 5.224627 -2.662080 4.676174
  endloop
endfacet
facet normal 0.722581 -0.442798 0.530855
  outer loop
    vertex 5.466743 -3.971822 3.254128
    vertex 5.224627 -2.662080 4.676174
    vertex 4.743862 -3.446618 4.676174
  endloop
endfacet
facet normal 0.782954 -0.324310 0.530855
  outer loop
    vertex 6.020769 -3.067735 3.254128
    vertex 6.426542 -2.088110 3.254128
    vertex 5.576744 -1.811994 4.676174
  endloop
endfacet
facet normal 0.782954 -0.324310 0.530855
  outer loop
    vertex 6.020769 -3.067735 3.254128
    vertex 5.576744 -1.811994 4.676174
    vertex 5.224627 -2.662080 4.676174
  endloop
endfacet
facet normal 0.824047 -0.197836 0.530855
  outer loop
    vertex 6.426542 -2.088110 3.254128
    vertex 6.674073 -1.057069 3.254128
    vertex 5.791544 -0.917290 4.676174
  endloop
endfacet
facet normal 0.824047 -0.197836 0.530855
  outer loop
    vertex 6.426542 -2.088110 3.254128
    vertex 5.791544 -0.917290 4.676174
    vertex 5.576744 -1.811994 4.676174
  endloop
endfacet
facet normal 0.844850 -0.066491 0.530855
  outer loop
    vertex 6.674073 -1.057069 3.254128
    vertex 6.757267 0.000000 3.254128
    vertex 5.863736 0.000000 4.676174
  endloop
endfacet
facet normal 0.844850 -0.066491 0.530855
  outer loop
    vertex 6.674073 -1.057069 3.254128
    vertex 5.863736 0.000000 4.676174
    vertex 5.791544 -0.917290 4.676174
  endloop
endfacet
facet normal 0.706014 0.055565 0.706014
  outer loop
    vertex 5.863736 0.000000 4.676174
    vertex 5.791544 0.917290 4.676174
    vertex 4.618602 0.731515 5.863736
  endloop
endfacet
facet normal 0.706014 0.055565 0.706014
  outer loop
    vertex 5.863736 0.000000 4.676174
    vertex 4.618602 0.731515 5.863736
    vertex 4.676174 0.000000 5.863736
  endloop
endfacet
facet normal 0.688630 0.165325 0.706014
  outer loop
    vertex 5.791544 0.917290 4.676174
    vertex 5.576744 1.811994 4.676174
    vertex 4.447305 1.445017 5.863736
  endloop
endfacet
facet normal 0.688630 0.165325 0.706014
  outer loop
    vertex 5.791544 0.917290 4.676174
    vertex 4.447305 1.445017 5.863736
    vertex 4.618602 0.731515 5.863736
  endloop
endfacet
facet normal 0.654289 0.271015 0.706014
  outer loop
    vertex 5.576744 1.811994 4.676174
    vertex 5.224627 2.662080 4.676174
    vertex 4.166501 2.122938 5.863736
  endloop
endfacet
facet normal 0.654289 0.271015 0.706014
  outer loop
    vertex 5.576744 1.811994 4.676174
    vertex 4.166501 2.122938 5.863736
    vertex 4.447305 1.445017 5.863736
  endloop
endfacet
facet normal 0.603838 0.370032 0.706014
  outer loop
    vertex 5.224627 2.662080 4.676174
    vertex 4.743862 3.446618 4.676174
    vertex 3.783104 2.748586 5.863736
  endloop
endfacet
facet normal 0.603838 0.370032 0.706014
  outer loop
    vertex 5.224627 2.662080 4.676174
    vertex 3.783104 2.748586 5.863736
    vertex 4.166501 2.122938 5.863736
  endloop
endfacet
facet normal 0.538518 0.459937 0.706014
  outer loop
    vertex 4.743862 3.446618 4.676174
    vertex 4.146288 4.146288 4.676174
    vertex 3.306554 3.306554 5.863736
  endloop
endfacet
facet normal 0.538518 0.459937 0.706014
  outer loop
    vertex 4.743862 3.446618 4.676174
    vertex 3.306554 3.306554 5.863736
    vertex 3.783104 2.748586 5.863736
  endloop
endfacet
facet normal 0.459937 0.538518 0.706014
  outer loop
    vertex 4.146288 4.146288 4.676174
    vertex 3.446618 4.743862 4.676174
    vertex 2.748586 3.783104 5.863736
  endloop
endfacet
facet normal 0.459937 0.538518 0.706014
  outer loop
    vertex 4.146288 4.146288 4.676174
    vertex 2.748586 3.783104 5.863736
    vertex 3.306554 3.306554 5.863736
  endloop
endfacet
facet normal 0.370032 0.603838 0.706014
  outer loop
    vertex 3.446618 4.743862 4.676174
    vertex 2.662080 5.224627 4.676174
    vertex 2.122938 4.166501 5.863736
  endloop
endfacet
facet normal 0.370032 0.603838 0.706014
  outer loop
    vertex 3.446618 4.743862 4.676174
    vertex 2.122938 4.166501 5.863736
    vertex 2.748586 3.783104 5.863736
  endloop
endfacet
facet normal 0.271015 0.654289 0.706014
  outer loop
    vertex 2.662080 5.224627 4.676174
    vertex 1.811994 5.576744 4.676174
    vertex 1.445017 4.447305 5.863736
  endloop
endfacet
facet normal 0.271015 0.654289 0.706014
  outer loop
    vertex 2.662080 5.224627 4.676174
    vertex 1.445017 4.447305 5.863736
    vertex 2.122938 4.166501 5.863736
  endloop
endfacet
facet normal 0.165325 0.688630 0.706014
  outer loop
    vertex 1.811994 5.576744 4.676174
    vertex 0.917290 5.791544 4.676174
    vertex 0.731515 4.618602 5.863736
  endloop
endfacet
facet normal 0.165325 0.688630 0.706014
  outer loop
    vertex 1.811994 5.576744 4.676174
    vertex 0.731515 4.618602 5.863736
    vertex 1.445017 4.447305 5.863736
  endloop
endfacet
facet normal 0.055565 0.706014 0.706014
  outer loop
    vertex 0.917290 5.791544 4.676174
    vertex 0.000000 5.863736 4.676174
    vertex 0.000000 4.676174 5.863736
  endloop
endfacet
facet normal 0.055565 0.706014 0.706014
  outer loop
    vertex 0.917290 5.791544 4.676174
    vertex 0.000000 4.676174 5.863736
    vertex 0.731515 4.618602 5.863736
  endloop
endfacet
facet normal -0.055565 0.706014 0.706014
  outer loop
    vertex 0.000000 5.863736 4.676174
    vertex -0.917290 5.791544 4.676174
    vertex -0.731515 4.618602 5.863736
  endloop
endfacet
facet normal -0.055565 0.706014 0.706014
  outer loop
    vertex 0.000000 5.863736 4.676174
    vertex -0.731515 4.618602 5.863736
    vertex 0.000000 4.676174 5.863736
  endloop
endfacet
facet normal -0.165325 0.688630 0.706014
  outer loop
    vertex -0.917290 5.791544 4.676174
    vertex -1.811994 5.576744 4.676174
    vertex -1.445017 4.447305 5.863736
  endloop
endfacet
facet normal -0.165325 0.688630 0.706014
  outer loop
    vertex -0.917290 5.791544 4.676174
    vertex -1.445017 4.447305 5.863736
    vertex -0.731515 4.618602 5.863736
  endloop
endfacet
facet normal -0.271015 0.654289 0.706014
  outer loop
    vertex -1.811994 5.576744 4.676174
    vertex -2.662080 5.224627 4.676174
    vertex -2.122938 4.166501 5.863736
  endloop
endfacet
facet normal -0.271015 0.654289 0.706014
  outer loop
    vertex -1.811994 5.576744 4.676174
    vertex -2.122938 4.166501 5.863736
    vertex -1.445017 4.447305 5.863736
  endloop
endfacet
facet normal -0.370032 0.603838 0.706014
  outer loop
    vertex -2.662080 5.224627 4.676174
    vertex -3.446618 4.743862 4.676174
    vertex -2.748586 3.783104 5.863736
  endloop
endfacet
facet normal -0.370032 0.603838 0.706014
  outer loop
    vertex -2.662080 5.224627 4.676174
    vertex -2.748586 3.783104 5.863736
    vertex -2.122938 4.166501 5.863736
  endloop
endfacet
facet normal -0.459937 0.538518 0.706014
  outer loop
    vertex -3.446618 4.743862 4.676174
    vertex -4.146288 4.146288 4.676174
    vertex -3.306554 3.306554 5.863736
  endloop
endfacet
facet normal -0.459937 0.538518 0.706014
  outer loop
    vertex -3.446618 4.743862 4.676174
    vertex -3.306554 3.306554 5.863736
    vertex -2.748586 3.783104 5.863736
  endloop
endfacet
facet normal -0.538518 0.459937 0.706014
  outer loop
    vertex -4.146288 4.146288 4.676174
    vertex -4.743862 3.446618 4.676174
    vertex -3.783104 2.748586 5.863736
  endloop
endfacet
facet normal -0.538518 0.459937 0.706014
  outer loop
    vertex -4.146288 4.146288 4.676174
    vertex -3.783104 2.748586 5.863736
    vertex -3.306554 3.306554 5.863736
  endloop
endfacet
facet normal -0.603838 0.370032 0.706014
  outer loop
    vertex -4.743862 3.446618 4.676174
    vertex -5.224627 2.662080 4.676174
    vertex -4.166501 2.122938 5.863736
  endloop
endfacet
facet normal -0.603838 0.370032 0.706014
  outer loop
    vertex -4.743862 3.446618 4.676174
    vertex -4.166501 2.122938 5.863736
    vertex -3.783104 2.748586 5.863736
  endloop
endfacet
facet normal -0.654289 0.271015 0.706014
  outer loop
    vertex -5.224627 2.662080 4.676174
    vertex -5.576744 1.811994 4.676174
    vertex -4.447305 1.445017 5.863736
  endloop
endfacet
facet normal -0.654289 0.271015 0.706014
  outer loop
    vertex -5.224627 2.662080 4.676174
    vertex -4.447305 1.445017 5.863736
    vertex -4.166501 2.122938 5.863736
  endloop
endfacet
facet normal -0.688630 0.165325 0.706014
  outer loop
    vertex -5.576744 1.811994 4.676174
    vertex -5.791544 0.917290 4.676174
    vertex -4.618602 0.731515 5.863736
  endloop
endfacet
facet normal -0.688630 0.165325 0.706014
  outer loop
    vertex -5.576744 1.811994 4.676174
    vertex -4.618602 0.731515 5.863736
    vertex -4.447305 1.445017 5.863736
  endloop
endfacet
facet normal -0.706014 0.055565 0.706014
  outer loop
    vertex -5.791544 0.917290 4.676174
    vertex -5.863736 0.000000 4.676174
    vertex -4.676174 0.000000 5.863736
  endloop
endfacet
facet normal -0.706014 0.055565 0.706014
  outer loop
    vertex -5.791544 0.917290 4.676174
    vertex -4.676174 0.000000 5.863736
    vertex -4.618602 0.731515 5.863736
  endloop
endfacet
facet normal -0.706014 -0.055565 0.706014
  outer loop
    vertex -5.863736 0.000000 4.676174
    vertex -5.791544 -0.917290 4.676174
    vertex -4.618602 -0.731515 5.863736
  endloop
endfacet
facet normal -0.706014 -0.055565 0.706014
  outer loop
    vertex -5.863736 0.000000 4.676174
    vertex -4.618602 -0.731515 5.863736
    vertex -4.676174 0.000000 5.863736
  endloop
endfacet
facet normal -0.688630 -0.165325 0.706014
  outer loop
    vertex -5.791544 -0.917290 4.676174
    vertex -5.576744 -1.811994 4.676174
    vertex -4.447305 -1.445017 5.863736
  endloop
endfacet
facet normal -0.688630 -0.165325 0.706014
  outer loop
    vertex -5.791544 -0.917290 4.676174
    vertex -4.447305 -1.445017 5.863736
    vertex -4.618602 -0.731515 5.863736
  endloop
endfacet
facet normal -0.654289 -0.271015 0.706014
  outer loop
    vertex -5.576744 -1.811994 4.676174
    vertex -5.224627 -2.662080 4.676174
    vertex -4.166501 -2.122938 5.863736
  endloop
endfacet
facet normal -0.654289 -0.271015 0.706014
  outer loop
    vertex -5.576744 -1.811994 4.676174
    vertex -4.166501 -2.122938 5.863736
    vertex -4.447305 -1.445017 5.863736
  endloop
endfacet
facet normal -0.603838 -0.370032 0.706014
  outer loop
    vertex -5.224627 -2.662080 4.676174
    vertex -4.743862 -3.446618 4.676174
    vertex -3.783104 -2.748586 5.863736
  endloop
endfacet
facet normal -0.603838 -0.370032 0.706014
  outer loop
    vertex -5.224627 -2.662080 4.676174
    vertex -3.783104 -2.748586 5.863736
    vertex -4.166501 -2.122938 5.863736
  endloop
endfacet
facet normal -0.538518 -0.459937 0.706014
  outer loop
    vertex -4.743862 -3.446618 4.676174
    vertex -4.146288 -4.146288 4.676174
    vertex -3.306554 -3.306554 5.863736
  endloop
endfacet
facet normal -0.538518 -0.459937 0.706014
  outer loop
    vertex -4.743862 -3.446618 4.676174
    vertex -3.306554 -3.306554 5.863736
    vertex -3.783104 -2.748586 5.863736
  endloop
endfacet
facet normal -0.459937 -0.538518 0.706014
  outer loop
    vertex -4.146288 -4.146288 4.676174
    vertex -3.446618 -4.743862 4.676174
    vertex -2.748586 -3.783104 5.863736
  endloop
endfacet
facet normal -0.459937 -0.538518 0.706014
  outer loop
    vertex -4.146288 -4.146288 4.676174
    vertex -2.748586 -3.783104 5.863736
    vertex -3.306554 -3.306554 5.863736
  endloop
endfacet
facet normal -0.370032 -0.603838 0.706014
  outer loop
    vertex -3.446618 -4.743862 4.676174
    vertex -2.662080 -5.224627 4.676174
    vertex -2.122938 -4.166501 5.863736
  endloop
endfacet
facet normal -0.370032 -0.603838 0.706014
  outer loop
    vertex -3.446618 -4.743862 4.676174
    vertex -2.122938 -4.166501 5.863736
    vertex -2.748586 -3.783104 5.863736
  endloop
endfacet
facet normal -0.271015 -0.654289 0.706014
  outer loop
    vertex -2.662080 -5.224627 4.676174
    vertex -1.811994 -5.576744 4.676174
    vertex -1.445017 -4.447305 5.863736
  endloop
endfacet
facet normal -0.271015 -0.654289 0.706014
  outer loop
    vertex -2.662080 -5.224627 4.676174
    vertex -1.445017 -4.447305 5.863736
    vertex -2.122938 -4.166501 5.863736
  endloop
endfacet
facet normal -0.165325 -0.688630 0.706014
  outer loop
    vertex -1.811994 -5.576744 4.676174
    vertex -0.917290 -5.791544 4.676174
    vertex -0.731515 -4.618602 5.863736
  endloop
endfacet
facet normal -0.165325 -0.688630 0.706014
  outer loop
    vertex -1.811994 -5.576744 4.676174
    vertex -0.731515 -4.618602 5.863736
    vertex -1.445017 -4.447305 5.863736
  endloop
endfacet
facet normal -0.055565 -0.706014 0.706014
  outer loop
    vertex -0.917290 -5.791544 4.676174
    vertex -0.000000 -5.863736 4.676174
    vertex -0.000000 -4.676174 5.863736
  endloop
endfacet
facet normal -0.055565 -0.706014 0.706014
  outer loop
    vertex -0.917290 -5.791544 4.676174
    vertex -0.000000 -4.676174 5.863736
    vertex -0.731515 -4.618602 5.863736
  endloop
endfacet
facet normal 0.055565 -0.706014 0.706014
  outer loop
    vertex -0.000000 -5.863736 4.676174
    vertex 0.917290 -5.791544 4.676174
    vertex 0.731515 -4.618602 5.863736
  endloop
endfacet
facet normal 0.055565 -0.706014 0.706014
  outer loop
    vertex -0.000000 -5.863736 4.676174
    vertex 0.731515 -4.618602 5.863736
    vertex -0.000000 -4.676174 5.863736
  endloop
endfacet
facet normal 0.165325 -0.688630 0.706014
  outer loop
    vertex 0.917290 -5.791544 4.676174
    vertex 1.811994 -5.576744 4.676174
    vertex 1.445017 -4.447305 5.863736
  endloop
endfacet
facet normal 0.165325 -0.688630 0.706014
  outer loop
    vertex 0.917290 -5.791544 4.676174
    vertex 1.445017 -4.447305 5.863736
    vertex 0.731515 -4.618602 5.863736
  endloop
endfacet
facet normal 0.271015 -0.654289 0.706014
  outer loop
    vertex 1.811994 -5.576744 4.676174
    vertex 2.662080 -5.224627 4.676174
    vertex 2.122938 -4.166501 5.863736
  endloop
endfacet
facet normal 0.271015 -0.654289 0.706014
  outer loop
    vertex 1.811994 -5.576744 4.676174
    vertex 2.122938 -4.166501 5.863736
    vertex 1.445017 -4.447305 5.863736
  endloop
endfacet
facet normal 0.370032 -0.603838 0.706014
  outer loop
    vertex 2.662080 -5.224627 4.676174
    vertex 3.446618 -4.743862 4.676174
    vertex 2.748586 -3.783104 5.863736
  endloop
endfacet
facet normal 0.370032 -0.603838 0.706014
  outer loop
    vertex 2.662080 -5.224627 4.676174
    vertex 2.748586 -3.783104 5.863736
    vertex 2.122938 -4.166501 5.863736
  endloop
endfacet
facet normal 0.459937 -0.538518 0.706014
  outer loop
    vertex 3.446618 -4.743862 4.676174
    vertex 4.146288 -4.146288 4.676174
    vertex 3.306554 -3.306554 5.863736
  endloop
endfacet
facet normal 0.459937 -0.538518 0.706014
  outer loop
    vertex 3.446618 -4.743862 4.676174
    vertex 3.306554 -3.306554 5.863736
    vertex 2.748586 -3.783104 5.863736
  endloop
endfacet
facet normal 0.538518 -0.459937 0.706014
  outer loop
    vertex 4.146288 -4.146288 4.676174
    vertex 4.743862 -3.446618 4.676174
    vertex 3.783104 -2.748586 5.863736
  endloop
endfacet
facet normal 0.538518 -0.459937 0.706014
  outer loop
    vertex 4.146288 -4.146288 4.676174
    vertex 3.783104 -2.748586 5.863736
    vertex 3.306554 -3.306554 5.863736
  endloop
endfacet
facet normal 0.603838 -0.370032 0.706014
  outer loop
    vertex 4.743862 -3.446618 4.676174
    vertex 5.224627 -2.662080 4.676174
    vertex 4.166501 -2.122938 5.863736
  endloop
endfacet
facet normal 0.603838 -0.370032 0.706014
  outer loop
    vertex 4.743862 -3.446618 4.676174
    vertex 4.166501 -2.122938 5.863736
    vertex 3.783104 -2.748586 5.863736
  endloop
endfacet
facet normal 0.654289 -0.271015 0.706014
  outer loop
    vertex 5.224627 -2.662080 4.676174
    vertex 5.576744 -1.811994 4.676174
    vertex 4.447305 -1.445017 5.863736
  endloop
endfacet
facet normal 0.654289 -0.271015 0.706014
  outer loop
    vertex 5.224627 -2.662080 4.676174
    vertex 4.447305 -1.445017 5.863736
    vertex 4.166501 -2.122938 5.863736
  endloop
endfacet
facet normal 0.688630 -0.165325 0.706014
  outer loop
    vertex 5.576744 -1.811994 4.676174
    vertex 5.791544 -0.917290 4.676174
    vertex 4.618602 -0.731515 5.863736
  endloop
endfacet
facet normal 0.688630 -0.165325 0.706014
  outer loop
    vertex 5.576744 -1.811994 4.676174
    vertex 4.618602 -0.731515 5.863736
    vertex 4.447305 -1.445017 5.863736
  endloop
endfacet
facet normal 0.706014 -0.055565 0.706014
  outer loop
    vertex 5.791544 -0.917290 4.676174
    vertex 5.863736 0.000000 4.676174
    vertex 4.676174 0.000000 5.863736
  endloop
endfacet
facet normal 0.706014 -0.055565 0.706014
  outer loop
    vertex 5.791544 -0.917290 4.676174
    vertex 4.676174 0.000000 5.863736
    vertex 4.618602 -0.731515 5.863736
  endloop
endfacet
facet normal 0.531566 0.041835 0.845983
  outer loop
    vertex 4.676174 0.000000 5.863736
    vertex 4.618602 0.731515 5.863736
    vertex 3.214064 0.509058 6.757267
  endloop
endfacet
facet normal 0.531566 0.041835 0.845983
  outer loop
    vertex 4.676174 0.000000 5.863736
    vertex 3.214064 0.509058 6.757267
    vertex 3.254128 0.000000 6.757267
  endloop
endfacet
facet normal 0.518477 0.124475 0.845983
  outer loop
    vertex 4.618602 0.731515 5.863736
    vertex 4.447305 1.445017 5.863736
    vertex 3.094860 1.005581 6.757267
  endloop
endfacet
facet normal 0.518477 0.124475 0.845983
  outer loop
    vertex 4.618602 0.731515 5.863736
    vertex 3.094860 1.005581 6.757267
    vertex 3.214064 0.509058 6.757267
  endloop
endfacet
facet normal 0.492622 0.204051 0.845983
  outer loop
    vertex 4.447305 1.445017 5.863736
    vertex 4.166501 2.122938 5.863736
    vertex 2.899449 1.477343 6.757267
  endloop
endfacet
facet normal 0.492622 0.204051 0.845983
  outer loop
    vertex 4.447305 1.445017 5.863736
    vertex 2.899449 1.477343 6.757267
    vertex 3.094860 1.005581 6.757267
  endloop
endfacet
facet normal 0.454636 0.278601 0.845983
  outer loop
    vertex 4.166501 2.122938 5.863736
    vertex 3.783104 2.748586 5.863736
    vertex 2.632645 1.912728 6.757267
  endloop
endfacet
facet normal 0.454636 0.278601 0.845983
  outer loop
    vertex 4.166501 2.122938 5.863736
    vertex 2.632645 1.912728 6.757267
    vertex 2.899449 1.477343 6.757267
  endloop
endfacet
facet normal 0.405456 0.346292 0.845983
  outer loop
    vertex 3.783104 2.748586 5.863736
    vertex 3.306554 3.306554 5.863736
    vertex 2.301016 2.301016 6.757267
  endloop
endfacet
facet normal 0.405456 0.346292 0.845983
  outer loop
    vertex 3.783104 2.748586 5.863736
    vertex 2.301016 2.301016 6.757267
    vertex 2.632645 1.912728 6.757267
  endloop
endfacet
facet normal 0.346292 0.405456 0.845983
  outer loop
    vertex 3.306554 3.306554 5.863736
    vertex 2.748586 3.783104 5.863736
    vertex 1.912728 2.632645 6.757267
  endloop
endfacet
facet normal 0.346292 0.405456 0.845983
  outer loop
    vertex 3.306554 3.306554 5.863736
    vertex 1.912728 2.632645 6.757267
    vertex 2.301016 2.301016 6.757267
  endloop
endfacet
facet normal 0.278601 0.454636 0.845983
  outer loop
    vertex 2.748586 3.783104 5.863736
    vertex 2.122938 4.166501 5.863736
    vertex 1.477343 2.899449 6.757267
  endloop
endfacet
facet normal 0.278601 0.454636 0.845983
  outer loop
    vertex 2.748586 3.783104 5.863736
    vertex 1.477343 2.899449 6.757267
    vertex 1.912728 2.632645 6.757267
  endloop
endfacet
facet normal 0.204051 0.492622 0.845983
  outer loop
    vertex 2.122938 4.166501 5.863736
    vertex 1.445017 4.447305 5.863736
    vertex 1.005581 3.094860 6.757267
  endloop
endfacet
facet normal 0.204051 0.492622 0.845983
  outer loop
    vertex 2.122938 4.166501 5.863736
    vertex 1.005581 3.094860 6.757267
    vertex 1.477343 2.899449 6.757267
  endloop
endfacet
facet normal 0.124475 0.518477 0.845983
  outer loop
    vertex 1.445017 4.447305 5.863736
    vertex 0.731515 4.618602 5.863736
    vertex 0.509058 3.214064 6.757267
  endloop
endfacet
facet normal 0.124475 0.518477 0.845983
  outer loop
    vertex 1.445017 4.447305 5.863736
    vertex 0.509058 3.214064 6.757267
    vertex 1.005581 3.094860 6.757267
  endloop
endfacet
facet normal 0.041835 0.531566 0.845983
  outer loop
    vertex 0.731515 4.618602 5.863736
    vertex 0.000000 4.676174 5.863736
    vertex 0.000000 3.254128 6.757267
  endloop
endfacet
facet normal 0.041835 0.531566 0.845983
  outer loop
    vertex 0.731515 4.618602 5.863736
    vertex 0.000000 3.254128 6.757267
    vertex 0.509058 3.214064 6.757267
  endloop
endfacet
facet normal -0.041835 0.531566 0.845983
  outer loop
    vertex 0.000000 4.676174 5.863736
    vertex -0.731515 4.618602 5.863736
    vertex -0.509058 3.214064 6.757267
  endloop
endfacet
facet normal -0.041835 0.531566 0.845983
  outer loop
    vertex 0.000000 4.676174 5.863736
    vertex -0.509058 3.214064 6.757267
    vertex 0.000000 3.254128 6.757267
  endloop
endfacet
facet normal -0.124475 0.518477 0.845983
  outer loop
    vertex -0.731515 4.618602 5.863736
    vertex -1.445017 4.447305 5.863736
    vertex -1.005581 3.094860 6.757267
  endloop
endfacet
facet normal -0.124475 0.518477 0.845983
  outer loop
    vertex -0.731515 4.618602 5.863736
    vertex -1.005581 3.094860 6.757267
    vertex -0.509058 3.214064 6.757267
  endloop
endfacet
facet normal -0.204051 0.492622 0.845983
  outer loop
    vertex -1.445017 4.447305 5.863736
    vertex -2.122938 4.166501 5.863736
    vertex -1.477343 2.899449 6.757267
  endloop
endfacet
facet normal -0.204051 0.492622 0.845983
  outer loop
    vertex -1.445017 4.447305 5.863736
    vertex -1.477343 2.899449 6.757267
    vertex -1.005581 3.094860 6.757267
  endloop
endfacet
facet normal -0.278601 0.454636 0.845983
  outer loop
    vertex -2.122938 4.166501 5.863736
    vertex -2.748586 3.783104 5.863736
    vertex -1.912728 2.632645 6.757267
  endloop
endfacet
facet normal -0.278601 0.454636 0.845983
  outer loop
    vertex -2.122938 4.166501 5.863736
    vertex -1.912728 2.632645 6.757267
    vertex -1.477343 2.899449 6.757267
  endloop
endfacet
facet normal -0.346292 0.405456 0.845983
  outer loop
    vertex -2.748586 3.783104 5.863736
    vertex -3.306554 3.306554 5.863736
    vertex -2.301016 2.301016 6.757267
  endloop
endfacet
facet normal -0.346292 0.405456 0.845983
  outer loop
    vertex -2.748586 3.783104 5.863736
    vertex -2.301016 2.301016 6.757267
    vertex -1.912728 2.632645 6.757267
  endloop
endfacet
facet normal -0.405456 0.346292 0.845983
  outer loop
    vertex -3.306554 3.306554 5.863736
    vertex -3.783104 2.748586 5.863736
    vertex -2.632645 1.912728 6.757267
  endloop
endfacet
facet normal -0.405456 0.346292 0.845983
  outer loop
    vertex -3.306554 3.306554 5.863736
    vertex -2.632645 1.912728 6.757267
    vertex -2.301016 2.301016 6.757267
  endloop
endfacet
facet normal -0.454636 0.278601 0.845983
  outer loop
    vertex -3.783104 2.748586 5.863736
    vertex -4.166501 2.122938 5.863736
    vertex -2.899449 1.477343 6.757267
  endloop
endfacet
facet normal -0.454636 0.278601 0.845983
  outer loop
    vertex -3.783104 2.748586 5.863736
    vertex -2.899449 1.477343 6.757267
    vertex -2.632645 1.912728 6.757267
  endloop
endfacet
facet normal -0.492622 0.204051 0.845983
  outer loop
    vertex -4.166501 2.122938 5.863736
    vertex -4.447305 1.445017 5.863736
    vertex -3.094860 1.005581 6.757267
  endloop
endfacet
facet normal -0.492622 0.204051 0.845983
  outer loop
    vertex -4.166501 2.122938 5.863736
    vertex -3.094860 1.005581 6.757267
    vertex -2.899449 1.477343 6.757267
  endloop
endfacet
facet normal -0.518477 0.124475 0.845983
  outer loop
    vertex -4.447305 1.445017 5.863736
    vertex -4.618602 0.731515 5.863736
    vertex -3.214064 0.509058 6.757267
  endloop
endfacet
facet normal -0.518477 0.124475 0.845983
  outer loop
    vertex -4.447305 1.445017 5.863736
    vertex -3.214064 0.509058 6.757267
    vertex -3.094860 1.005581 6.757267
  endloop
endfacet
facet normal -0.531566 0.041835 0.845983
  outer loop
    vertex -4.618602 0.731515 5.863736
    vertex -4.676174 0.000000 5.863736
    vertex -3.254128 0.000000 6.757267
  endloop
endfacet
facet normal -0.531566 0.041835 0.845983
  outer loop
    vertex -4.618602 0.731515 5.863736
    vertex -3.254128 0.000000 6.757267
    vertex -3.214064 0.509058 6.757267
  endloop
endfacet
facet normal -0.531566 -0.041835 0.845983
  outer loop
    vertex -4.676174 0.000000 5.863736
    vertex -4.618602 -0.731515 5.863736
    vertex -3.214064 -0.509058 6.757267
  endloop
endfacet
facet normal -0.531566 -0.041835 0.845983
  outer loop
    vertex -4.676174 0.000000 5.863736
    vertex -3.214064 -0.509058 6.757267
    vertex -3.254128 0.000000 6.757267
  endloop
endfacet
facet normal -0.518477 -0.124475 0.845983
  outer loop
    vertex -4.618602 -0.731515 5.863736
    vertex -4.447305 -1.445017 5.863736
    vertex -3.094860 -1.005581 6.757267
  endloop
endfacet
facet normal -0.518477 -0.124475 0.845983
  outer loop
    vertex -4.618602 -0.731515 5.863736
    vertex -3.094860 -1.005581 6.757267
    vertex -3.214064 -0.509058 6.757267
  endloop
endfacet
facet normal -0.492622 -0.204051 0.845983
  outer loop
    vertex -4.447305 -1.445017 5.863736
    vertex -4.166501 -2.122938 5.863736
    vertex -2.899449 -1.477343 6.757267
  endloop
endfacet
facet normal -0.492622 -0.204051 0.845983
  outer loop
    vertex -4.447305 -1.445017 5.863736
    vertex -2.899449 -1.477343 6.757267
    vertex -3.094860 -1.005581 6.757267
  endloop
endfacet
facet normal -0.454636 -0.278601 0.845983
  outer loop
    vertex -4.166501 -2.122938 5.863736
    vertex -3.783104 -2.748586 5.863736
    vertex -2.632645 -1.912728 6.757267
  endloop
endfacet
facet normal -0.454636 -0.278601 0.845983
  outer loop
    vertex -4.166501 -2.122938 5.863736
    vertex -2.632645 -1.912728 6.757267
    vertex -2.899449 -1.477343 6.757267
  endloop
endfacet
facet normal -0.405456 -0.346292 0.845983
  outer loop
    vertex -3.783104 -2.748586 5.863736
    vertex -3.306554 -3.306554 5.863736
    vertex -2.301016 -2.301016 6.757267
  endloop
endfacet
facet normal -0.405456 -0.346292 0.845983
  outer loop
    vertex -3.783104 -2.748586 5.863736
    vertex -2.301016 -2.301016 6.757267
    vertex -2.632645 -1.912728 6.757267
  endloop
endfacet
facet normal -0.346292 -0.405456 0.845983
  outer loop
    vertex -3.306554 -3.306554 5.863736
    vertex -2.748586 -3.783104 5.863736
    vertex -1.912728 -2.632645 6.757267
  endloop
endfacet
facet normal -0.346292 -0.405456 0.845983
  outer loop
    vertex -3.306554 -3.306554 5.863736
    vertex -1.912728 -2.632645 6.757267
    vertex -2.301016 -2.301016 6.757267
  endloop
endfacet
facet normal -0.278601 -0.454636 0.845983
  outer loop
    vertex -2.748586 -3.783104 5.863736
    vertex -2.122938 -4.166501 5.863736
    vertex -1.477343 -2.899449 6.757267
  endloop
endfacet
facet normal -0.278601 -0.454636 0.845983
  outer loop
    vertex -2.748586 -3.783104 5.863736
    vertex -1.477343 -2.899449 6.757267
    vertex -1.912728 -2.632645 6.757267
  endloop
endfacet
facet normal -0.204051 -0.492622 0.845983
  outer loop
    vertex -2.122938 -4.166501 5.863736
    vertex -1.445017 -4.447305 5.863736
    vertex -1.005581 -3.094860 6.757267
  endloop
endfacet
facet normal -0.204051 -0.492622 0.845983
  outer loop
    vertex -2.122938 -4.166501 5.863736
    vertex -1.005581 -3.094860 6.757267
    vertex -1.477343 -2.899449 6.757267
  endloop
endfacet
facet normal -0.124475 -0.518477 0.845983
  outer loop
    vertex -1.445017 -4.447305 5.863736
    vertex -0.731515 -4.618602 5.863736
    vertex -0.509058 -3.214064 6.757267
  endloop
endfacet
facet normal -0.124475 -0.518477 0.845983
  outer loop
    vertex -1.445017 -4.447305 5.863736
    vertex -0.509058 -3.214064 6.757267
    vertex -1.005581 -3.094860 6.757267
  endloop
endfacet
facet normal -0.041835 -0.531566 0.845983
  outer loop
    vertex -0.731515 -4.618602 5.863736
    vertex -0.000000 -4.676174 5.863736
    vertex -0.000000 -3.254128 6.757267
  endloop
endfacet
facet normal -0.041835 -0.531566 0.845983
  outer loop
    vertex -0.731515 -4.618602 5.863736
    vertex -0.000000 -3.254128 6.757267
    vertex -0.509058 -3.214064 6.757267
  endloop
endfacet
facet normal 0.041835 -0.531566 0.845983
  outer loop
    vertex -0.000000 -4.676174 5.863736
    vertex 0.731515 -4.618602 5.863736
    vertex 0.509058 -3.214064 6.757267
  endloop
endfacet
facet normal 0.041835 -0.531566 0.845983
  outer loop
    vertex -0.000000 -4.676174 5.863736
    vertex 0.509058 -3.214064 6.757267
    vertex -0.000000 -3.254128 6.757267
  endloop
endfacet
facet normal 0.124475 -0.518477 0.845983
  outer loop
    vertex 0.731515 -4.618602 5.863736
    vertex 1.445017 -4.447305 5.863736
    vertex 1.005581 -3.094860 6.757267
  endloop
endfacet
facet normal 0.124475 -0.518477 0.845983
  outer loop
    vertex 0.731515 -4.618602 5.863736
    vertex 1.005581 -3.094860 6.757267
    vertex 0.509058 -3.214064 6.757267
  endloop
endfacet
facet normal 0.204051 -0.492622 0.845983
  outer loop
    vertex 1.445017 -4.447305 5.863736
    vertex 2.122938 -4.166501 5.863736
    vertex 1.477343 -2.899449 6.757267
  endloop
endfacet
facet normal 0.204051 -0.492622 0.845983
  outer loop
    vertex 1.445017 -4.447305 5.863736
    vertex 1.477343 -2.899449 6.757267
    vertex 1.005581 -3.094860 6.757267
  endloop
endfacet
facet normal 0.278601 -0.454636 0.845983
  outer loop
    vertex 2.122938 -4.166501 5.863736
    vertex 2.748586 -3.783104 5.863736
    vertex 1.912728 -2.632645 6.757267
  endloop
endfacet
facet normal 0.278601 -0.454636 0.845983
  outer loop
    vertex 2.122938 -4.166501 5.863736
    vertex 1.912728 -2.632645 6.757267
    vertex 1.477343 -2.899449 6.757267
  endloop
endfacet
facet normal 0.346292 -0.405456 0.845983
  outer loop
    vertex 2.748586 -3.783104 5.863736
    vertex 3.306554 -3.306554 5.863736
    vertex 2.301016 -2.301016 6.757267
  endloop
endfacet
facet normal 0.346292 -0.405456 0.845983
  outer loop
    vertex 2.748586 -3.783104 5.863736
    vertex 2.301016 -2.301016 6.757267
    vertex 1.912728 -2.632645 6.757267
  endloop
endfacet
facet normal 0.405456 -0.346292 0.845983
  outer loop
    vertex 3.306554 -3.306554 5.863736
    vertex 3.783104 -2.748586 5.863736
    vertex 2.632645 -1.912728 6.757267
  endloop
endfacet
facet normal 0.405456 -0.346292 0.845983
  outer loop
    vertex 3.306554 -3.306554 5.863736
    vertex 2.632645 -1.912728 6.757267
    vertex 2.301016 -2.301016 6.757267
  endloop
endfacet
facet normal 0.454636 -0.278601 0.845983
  outer loop
    vertex 3.783104 -2.748586 5.863736
    vertex 4.166501 -2.122938 5.863736
    vertex 2.899449 -1.477343 6.757267
  endloop
endfacet
facet normal 0.454636 -0.278601 0.845983
  outer loop
    vertex 3.783104 -2.748586 5.863736
    vertex 2.899449 -1.477343 6.757267
    vertex 2.632645 -1.912728 6.757267
  endloop
endfacet
facet normal 0.492622 -0.204051 0.845983
  outer loop
    vertex 4.166501 -2.122938 5.863736
    vertex 4.447305 -1.445017 5.863736
    vertex 3.094860 -1.005581 6.757267
  endloop
endfacet
facet normal 0.492622 -0.204051 0.845983
  outer loop
    vertex 4.166501 -2.122938 5.863736
    vertex 3.094860 -1.005581 6.757267
    vertex 2.899449 -1.477343 6.757267
  endloop
endfacet
facet normal 0.518477 -0.124475 0.845983
  outer loop
    vertex 4.447305 -1.445017 5.863736
    vertex 4.618602 -0.731515 5.863736
    vertex 3.214064 -0.509058 6.757267
  endloop
endfacet
facet normal 0.518477 -0.124475 0.845983
  outer loop
    vertex 4.447305 -1.445017 5.863736
    vertex 3.214064 -0.509058 6.757267
    vertex 3.094860 -1.005581 6.757267
  endloop
endfacet
facet normal 0.531566 -0.041835 0.845983
  outer loop
    vertex 4.618602 -0.731515 5.863736
    vertex 4.676174 0.000000 5.863736
    vertex 3.254128 0.000000 6.757267
  endloop
endfacet
facet normal 0.531566 -0.041835 0.845983
  outer loop
    vertex 4.618602 -0.731515 5.863736
    vertex 3.254128 0.000000 6.757267
    vertex 3.214064 -0.509058 6.757267
  endloop
endfacet
facet normal 0.330168 0.025985 0.943565
  outer loop
    vertex 3.254128 0.000000 6.757267
    vertex 3.214064 0.509058 6.757267
    vertex 1.648360 0.261075 7.311959
  endloop
endfacet
facet normal 0.330168 0.025985 0.943565
  outer loop
    vertex 3.254128 0.000000 6.757267
    vertex 1.648360 0.261075 7.311959
    vertex 1.668907 0.000000 7.311959
  endloop
endfacet
facet normal 0.322038 0.077314 0.943565
  outer loop
    vertex 3.214064 0.509058 6.757267
    vertex 3.094860 1.005581 6.757267
    vertex 1.587225 0.515721 7.311959
  endloop
endfacet
facet normal 0.322038 0.077314 0.943565
  outer loop
    vertex 3.214064 0.509058 6.757267
    vertex 1.587225 0.515721 7.311959
    vertex 1.648360 0.261075 7.311959
  endloop
endfacet
facet normal 0.305978 0.126740 0.943565
  outer loop
    vertex 3.094860 1.005581 6.757267
    vertex 2.899449 1.477343 6.757267
    vertex 1.487007 0.757668 7.311959
  endloop
endfacet
facet normal 0.305978 0.126740 0.943565
  outer loop
    vertex 3.094860 1.005581 6.757267
    vertex 1.487007 0.757668 7.311959
    vertex 1.587225 0.515721 7.311959
  endloop
endfacet
facet normal 0.282385 0.173046 0.943565
  outer loop
    vertex 2.899449 1.477343 6.757267
    vertex 2.632645 1.912728 6.757267
    vertex 1.350174 0.980959 7.311959
  endloop
endfacet
facet normal 0.282385 0.173046 0.943565
  outer loop
    vertex 2.899449 1.477343 6.757267
    vertex 1.350174 0.980959 7.311959
    vertex 1.487007 0.757668 7.311959
  endloop
endfacet
facet normal 0.251838 0.215090 0.943565
  outer loop
    vertex 2.632645 1.912728 6.757267
    vertex 2.301016 2.301016 6.757267
    vertex 1.180095 1.180095 7.311959
  endloop
endfacet
facet normal 0.251838 0.215090 0.943565
  outer loop
    vertex 2.632645 1.912728 6.757267
    vertex 1.180095 1.180095 7.311959
    vertex 1.350174 0.980959 7.311959
  endloop
endfacet
facet normal 0.215090 0.251838 0.943565
  outer loop
    vertex 2.301016 2.301016 6.757267
    vertex 1.912728 2.632645 6.757267
    vertex 0.980959 1.350174 7.311959
  endloop
endfacet
facet normal 0.215090 0.251838 0.943565
  outer loop
    vertex 2.301016 2.301016 6.757267
    vertex 0.980959 1.350174 7.311959
    vertex 1.180095 1.180095 7.311959
  endloop
endfacet
facet normal 0.173046 0.282385 0.943565
  outer loop
    vertex 1.912728 2.632645 6.757267
    vertex 1.477343 2.899449 6.757267
    vertex 0.757668 1.487007 7.311959
  endloop
endfacet
facet normal 0.173046 0.282385 0.943565
  outer loop
    vertex 1.912728 2.632645 6.757267
    vertex 0.757668 1.487007 7.311959
    vertex 0.980959 1.350174 7.311959
  endloop
endfacet
facet normal 0.126740 0.305978 0.943565
  outer loop
    vertex 1.477343 2.899449 6.757267
    vertex 1.005581 3.094860 6.757267
    vertex 0.515721 1.587225 7.311959
  endloop
endfacet
facet normal 0.126740 0.305978 0.943565
  outer loop
    vertex 1.477343 2.899449 6.757267
    vertex 0.515721 1.587225 7.311959
    vertex 0.757668 1.487007 7.311959
  endloop
endfacet
facet normal 0.077314 0.322038 0.943565
  outer loop
    vertex 1.005581 3.094860 6.757267
    vertex 0.509058 3.214064 6.757267
    vertex 0.261075 1.648360 7.311959
  endloop
endfacet
facet normal 0.077314 0.322038 0.943565
  outer loop
    vertex 1.005581 3.094860 6.757267
    vertex 0.261075 1.648360 7.311959
    vertex 0.515721 1.587225 7.311959
  endloop
endfacet
facet normal 0.025985 0.330168 0.943565
  outer loop
    vertex 0.509058 3.214064 6.757267
    vertex 0.000000 3.254128 6.757267
    vertex 0.000000 1.668907 7.311959
  endloop
endfacet
facet normal 0.025985 0.330168 0.943565
  outer loop
    vertex 0.509058 3.214064 6.757267
    vertex 0.000000 1.668907 7.311959
    vertex 0.261075 1.648360 7.311959
  endloop
endfacet
facet normal -0.025985 0.330168 0.943565
  outer loop
    vertex 0.000000 3.254128 6.757267
    vertex -0.509058 3.214064 6.757267
    vertex -0.261075 1.648360 7.311959
  endloop
endfacet
facet normal -0.025985 0.330168 0.943565
  outer loop
    vertex 0.000000 3.254128 6.757267
    vertex -0.261075 1.648360 7.311959
    vertex 0.000000 1.668907 7.311959
  endloop
endfacet
facet normal -0.077314 0.322038 0.943565
  outer loop
    vertex -0.509058 3.214064 6.757267
    vertex -1.005581 3.094860 6.757267
    vertex -0.515721 1.587225 7.311959
  endloop
endfacet
facet normal -0.077314 0.322038 0.943565
  outer loop
    vertex -0.509058 3.214064 6.757267
    vertex -0.515721 1.587225 7.311959
    vertex -0.261075 1.648360 7.311959
  endloop
endfacet
facet normal -0.126740 0.305978 0.943565
  outer loop
    vertex -1.005581 3.094860 6.757267
    vertex -1.477343 2.899449 6.757267
    vertex -0.757668 1.487007 7.311959
  endloop
endfacet
facet normal -0.126740 0.305978 0.943565
  outer loop
    vertex -1.005581 3.094860 6.757267
    vertex -0.757668 1.487007 7.311959
    vertex -0.515721 1.587225 7.311959
  endloop
endfacet
facet normal -0.173046 0.282385 0.943565
  outer loop
    vertex -1.477343 2.899449 6.757267
    vertex -1.912728 2.632645 6.757267
    vertex -0.980959 1.350174 7.311959
  endloop
endfacet
facet normal -0.173046 0.282385 0.943565
  outer loop
    vertex -1.477343 2.899449 6.757267
    vertex -0.980959 1.350174 7.311959
    vertex -0.757668 1.487007 7.311959
  endloop
endfacet
facet normal -0.215090 0.251838 0.943565
  outer loop
    vertex -1.912728 2.632645 6.757267
    vertex -2.301016 2.301016 6.757267
    vertex -1.180095 1.180095 7.311959
  endloop
endfacet
facet normal -0.215090 0.251838 0.943565
  outer loop
    vertex -1.912728 2.632645 6.757267
    vertex -1.180095 1.180095 7.311959
    vertex -0.980959 1.350174 7.311959
  endloop
endfacet
facet normal -0.251838 0.215090 0.943565
  outer loop
    vertex -2.301016 2.301016 6.757267
    vertex -2.632645 1.912728 6.757267
    vertex -1.350174 0.980959 7.311959
  endloop
endfacet
facet normal -0.251838 0.215090 0.943565
  outer loop
    vertex -2.301016 2.301016 6.757267
    vertex -1.350174 0.980959 7.311959
    vertex -1.180095 1.180095 7.311959
  endloop
endfacet
facet normal -0.282385 0.173046 0.943565
  outer loop
    vertex -2.632645 1.912728 6.757267
    vertex -2.899449 1.477343 6.757267
    vertex -1.487007 0.757668 7.311959
  endloop
endfacet
facet normal -0.282385 0.173046 0.943565
  outer loop
    vertex -2.632645 1.912728 6.757267
    vertex -1.487007 0.757668 7.311959
    vertex -1.350174 0.980959 7.311959
  endloop
endfacet
facet normal -0.305978 0.126740 0.943565
  outer loop
    vertex -2.899449 1.477343 6.757267
    vertex -3.094860 1.005581 6.757267
    vertex -1.587225 0.515721 7.311959
  endloop
endfacet
facet normal -0.305978 0.126740 0.943565
  outer loop
    vertex -2.899449 1.477343 6.757267
    vertex -1.587225 0.515721 7.311959
    vertex -1.487007 0.757668 7.311959
  endloop
endfacet
facet normal -0.322038 0.077314 0.943565
  outer loop
    vertex -3.094860 1.005581 6.757267
    vertex -3.214064 0.509058 6.757267
    vertex -1.648360 0.261075 7.311959
  endloop
endfacet
facet normal -0.322038 0.077314 0.943565
  outer loop
    vertex -3.094860 1.005581 6.757267
    vertex -1.648360 0.261075 7.311959
    vertex -1.587225 0.515721 7.311959
  endloop
endfacet
facet normal -0.330168 0.025985 0.943565
  outer loop
    vertex -3.214064 0.509058 6.757267
    vertex -3.254128 0.000000 6.757267
    vertex -1.668907 0.000000 7.311959
  endloop
endfacet
facet normal -0.330168 0.025985 0.943565
  outer loop
    vertex -3.214064 0.509058 6.757267
    vertex -1.668907 0.000000 7.311959
    vertex -1.648360 0.261075 7.311959
  endloop
endfacet
facet normal -0.330168 -0.025985 0.943565
  outer loop
    vertex -3.254128 0.000000 6.757267
    vertex -3.214064 -0.509058 6.757267
    vertex -1.648360 -0.261075 7.311959
  endloop
endfacet
facet normal -0.330168 -0.025985 0.943565
  outer loop
    vertex -3.254128 0.000000 6.757267
    vertex -1.648360 -0.261075 7.311959
    vertex -1.668907 0.000000 7.311959
  endloop
endfacet
facet normal -0.322038 -0.077314 0.943565
  outer loop
    vertex -3.214064 -0.509058 6.757267
    vertex -3.094860 -1.005581 6.757267
    vertex -1.587225 -0.515721 7.311959
  endloop
endfacet
facet normal -0.322038 -0.077314 0.943565
  outer loop
    vertex -3.214064 -0.509058 6.757267
    vertex -1.587225 -0.515721 7.311959
    vertex -1.648360 -0.261075 7.311959
  endloop
endfacet
facet normal -0.305978 -0.126740 0.943565
  outer loop
    vertex -3.094860 -1.005581 6.757267
    vertex -2.899449 -1.477343 6.757267
    vertex -1.487007 -0.757668 7.311959
  endloop
endfacet
facet normal -0.305978 -0.126740 0.943565
  outer loop
    vertex -3.094860 -1.005581 6.757267
    vertex -1.487007 -0.757668 7.311959
    vertex -1.587225 -0.515721 7.311959
  endloop
endfacet
facet normal -0.282385 -0.173046 0.943565
  outer loop
    vertex -2.899449 -1.477343 6.757267
    vertex -2.632645 -1.912728 6.757267
    vertex -1.350174 -0.980959 7.311959
  endloop
endfacet
facet normal -0.282385 -0.173046 0.943565
  outer loop
    vertex -2.899449 -1.477343 6.757267
    vertex -1.350174 -0.980959 7.311959
    vertex -1.487007 -0.757668 7.311959
  endloop
endfacet
facet normal -0.251838 -0.215090 0.943565
  outer loop
    vertex -2.632645 -1.912728 6.757267
    vertex -2.301016 -2.301016 6.757267
    vertex -1.180095 -1.180095 7.311959
  endloop
endfacet
facet normal -0.251838 -0.215090 0.943565
  outer loop
    vertex -2.632645 -1.912728 6.757267
    vertex -1.180095 -1.180095 7.311959
    vertex -1.350174 -0.980959 7.311959
  endloop
endfacet
facet normal -0.215090 -0.251838 0.943565
  outer loop
    vertex -2.301016 -2.301016 6.757267
    vertex -1.912728 -2.632645 6.757267
    vertex -0.980959 -1.350174 7.311959
  endloop
endfacet
facet normal -0.215090 -0.251838 0.943565
  outer loop
    vertex -2.301016 -2.301016 6.757267
    vertex -0.980959 -1.350174 7.311959
    vertex -1.180095 -1.180095 7.311959
  endloop
endfacet
facet normal -0.173046 -0.282385 0.943565
  outer loop
    vertex -1.912728 -2.632645 6.757267
    vertex -1.477343 -2.899449 6.757267
    vertex -0.757668 -1.487007 7.311959
  endloop
endfacet
facet normal -0.173046 -0.282385 0.943565
  outer loop
    vertex -1.912728 -2.632645 6.757267
    vertex -0.757668 -1.487007 7.311959
    vertex -0.980959 -1.350174 7.311959
  endloop
endfacet
facet normal -0.126740 -0.305978 0.943565
  outer loop
    vertex -1.477343 -2.899449 6.757267
    vertex -1.005581 -3.094860 6.757267
    vertex -0.515721 -1.587225 7.311959
  endloop
endfacet
facet normal -0.126740 -0.305978 0.943565
  outer loop
    vertex -1.477343 -2.899449 6.757267
    vertex -0.515721 -1.587225 7.311959
    vertex -0.757668 -1.487007 7.311959
  endloop
endfacet
facet normal -0.077314 -0.322038 0.943565
  outer loop
    vertex -1.005581 -3.094860 6.757267
    vertex -0.509058 -3.214064 6.757267
    vertex -0.261075 -1.648360 7.311959
  endloop
endfacet
facet normal -0.077314 -0.322038 0.943565
  outer loop
    vertex -1.005581 -3.094860 6.757267
    vertex -0.261075 -1.648360 7.311959
    vertex -0.515721 -1.587225 7.311959
  endloop
endfacet
facet normal -0.025985 -0.330168 0.943565
  outer loop
    vertex -0.509058 -3.214064 6.757267
    vertex -0.000000 -3.254128 6.757267
    vertex -0.000000 -1.668907 7.311959
  endloop
endfacet
facet normal -0.025985 -0.330168 0.943565
  outer loop
    vertex -0.509058 -3.214064 6.757267
    vertex -0.000000 -1.668907 7.311959
    vertex -0.261075 -1.648360 7.311959
  endloop
endfacet
facet normal 0.025985 -0.330168 0.943565
  outer loop
    vertex -0.000000 -3.254128 6.757267
    vertex 0.509058 -3.214064 6.757267
    vertex 0.261075 -1.648360 7.311959
  endloop
endfacet
facet normal 0.025985 -0.330168 0.943565
  outer loop
    vertex -0.000000 -3.254128 6.757267
    vertex 0.261075 -1.648360 7.311959
    vertex -0.000000 -1.668907 7.311959
  endloop
endfacet
facet normal 0.077314 -0.322038 0.943565
  outer loop
    vertex 0.509058 -3.214064 6.757267
    vertex 1.005581 -3.094860 6.757267
    vertex 0.515721 -1.587225 7.311959
  endloop
endfacet
facet normal 0.077314 -0.322038 0.943565
  outer loop
    vertex 0.509058 -3.214064 6.757267
    vertex 0.515721 -1.587225 7.311959
    vertex 0.261075 -1.648360 7.311959
  endloop
endfacet
facet normal 0.126740 -0.305978 0.943565
  outer loop
    vertex 1.005581 -3.094860 6.757267
    vertex 1.477343 -2.899449 6.757267
    vertex 0.757668 -1.487007 7.311959
  endloop
endfacet
facet normal 0.126740 -0.305978 0.943565
  outer loop
    vertex 1.005581 -3.094860 6.757267
    vertex 0.757668 -1.487007 7.311959
    vertex 0.515721 -1.587225 7.311959
  endloop
endfacet
facet normal 0.173046 -0.282385 0.943565
  outer loop
    vertex 1.477343 -2.899449 6.757267
    vertex 1.912728 -2.632645 6.757267
    vertex 0.980959 -1.350174 7.311959
  endloop
endfacet
facet normal 0.173046 -0.282385 0.943565
  outer loop
    vertex 1.477343 -2.899449 6.757267
    vertex 0.980959 -1.350174 7.311959
    vertex 0.757668 -1.487007 7.311959
  endloop
endfacet
facet normal 0.215090 -0.251838 0.943565
  outer loop
    vertex 1.912728 -2.632645 6.757267
    vertex 2.301016 -2.301016 6.757267
    vertex 1.180095 -1.180095 7.311959
  endloop
endfacet
facet normal 0.215090 -0.251838 0.943565
  outer loop
    vertex 1.912728 -2.632645 6.757267
    vertex 1.180095 -1.180095 7.311959
    vertex 0.980959 -1.350174 7.311959
  endloop
endfacet
facet normal 0.251838 -0.215090 0.943565
  outer loop
    vertex 2.301016 -2.301016 6.757267
    vertex 2.632645 -1.912728 6.757267
    vertex 1.350174 -0.980959 7.311959
  endloop
endfacet
facet normal 0.251838 -0.215090 0.943565
  outer loop
    vertex 2.301016 -2.301016 6.757267
    vertex 1.350174 -0.980959 7.311959
    vertex 1.180095 -1.180095 7.311959
  endloop
endfacet
facet normal 0.282385 -0.173046 0.943565
  outer loop
    vertex 2.632645 -1.912728 6.757267
    vertex 2.899449 -1.477343 6.757267
    vertex 1.487007 -0.757668 7.311959
  endloop
endfacet
facet normal 0.282385 -0.173046 0.943565
  outer loop
    vertex 2.632645 -1.912728 6.757267
    vertex 1.487007 -0.757668 7.311959
    vertex 1.350174 -0.980959 7.311959
  endloop
endfacet
facet normal 0.305978 -0.126740 0.943565
  outer loop
    vertex 2.899449 -1.477343 6.757267
    vertex 3.094860 -1.005581 6.757267
    vertex 1.587225 -0.515721 7.311959
  endloop
endfacet
facet normal 0.305978 -0.126740 0.943565
  outer loop
    vertex 2.899449 -1.477343 6.757267
    vertex 1.587225 -0.515721 7.311959
    vertex 1.487007 -0.757668 7.311959
  endloop
endfacet
facet normal 0.322038 -0.077314 0.943565
  outer loop
    vertex 3.094860 -1.005581 6.757267
    vertex 3.214064 -0.509058 6.757267
    vertex 1.648360 -0.261075 7.311959
  endloop
endfacet
facet normal 0.322038 -0.077314 0.943565
  outer loop
    vertex 3.094860 -1.005581 6.757267
    vertex 1.648360 -0.261075 7.311959
    vertex 1.587225 -0.515721 7.311959
  endloop
endfacet
facet normal 0.330168 -0.025985 0.943565
  outer loop
    vertex 3.214064 -0.509058 6.757267
    vertex 3.254128 0.000000 6.757267
    vertex 1.668907 0.000000 7.311959
  endloop
endfacet
facet normal 0.330168 -0.025985 0.943565
  outer loop
    vertex 3.214064 -0.509058 6.757267
    vertex 1.668907 0.000000 7.311959
    vertex 1.648360 -0.261075 7.311959
  endloop
endfacet
facet normal 0.111960 0.008811 0.993674
  outer loop
    vertex 1.668907 0.000000 7.311959
    vertex 1.648360 0.261075 7.311959
    vertex 0.000000 0.000000 7.500000
  endloop
endfacet
facet normal 0.111964 0.000000 0.993712
  outer loop
    vertex 1.668907 0.000000 7.311959
    vertex 0.000000 0.000000 7.500000
    vertex 0.000000 0.000000 7.500000
  endloop
endfacet
facet normal 0.109203 0.026217 0.993674
  outer loop
    vertex 1.648360 0.261075 7.311959
    vertex 1.587225 0.515721 7.311959
    vertex 0.000000 0.000000 7.500000
  endloop
endfacet
facet normal 0.124035 0.000000 0.992278
  outer loop
    vertex 1.648360 0.261075 7.311959
    vertex 0.000000 0.000000 7.500000
    vertex 0.000000 0.000000 7.500000
  endloop
endfacet
facet normal 0.103758 0.042978 0.993674
  outer loop
    vertex 1.587225 0.515721 7.311959
    vertex 1.487007 0.757668 7.311959
    vertex 0.000000 0.000000 7.500000
  endloop
endfacet
facet normal 0.124035 0.000000 0.992278
  outer loop
    vertex 1.587225 0.515721 7.311959
    vertex 0.000000 0.000000 7.500000
    vertex 0.000000 0.000000 7.500000
  endloop
endfacet
facet normal 0.095757 0.058680 0.993674
  outer loop
    vertex 1.487007 0.757668 7.311959
    vertex 1.350174 0.980959 7.311959
    vertex 0.000000 0.000000 7.500000
  endloop
endfacet
facet normal 0.000000 0.000000 0.000000
  outer loop
    vertex 1.487007 0.757668 7.311959
    vertex 0.000000 0.000000 7.500000
    vertex 0.000000 0.000000 7.500000
  endloop
endfacet
facet normal 0.085398 0.072937 0.993674
  outer loop
    vertex 1.350174 0.980959 7.311959
    vertex 1.180095 1.180095 7.311959
    vertex 0.000000 0.000000 7.500000
  endloop
endfacet
facet normal 0.062378 0.000000 0.998053
  outer loop
    vertex 1.350174 0.980959 7.311959
    vertex 0.000000 0.000000 7.500000
    vertex 0.000000 0.000000 7.500000
  endloop
endfacet
facet normal 0.072937 0.085398 0.993674
  outer loop
    vertex 1.180095 1.180095 7.311959
    vertex 0.980959 1.350174 7.311959
    vertex 0.000000 0.000000 7.500000
  endloop
endfacet
facet normal 0.242536 0.000000 0.970143
  outer loop
    vertex 1.180095 1.180095 7.311959
    vertex 0.000000 0.000000 7.500000
    vertex 0.000000 0.000000 7.500000
  endloop
endfacet
facet normal 0.058680 0.095757 0.993674
  outer loop
    vertex 0.980959 1.350174 7.311959
    vertex 0.757668 1.487007 7.311959
    vertex 0.000000 0.000000 7.500000
  endloop
endfacet
facet normal 0.000000 0.000000 0.000000
  outer loop
    vertex 0.980959 1.350174 7.311959
    vertex 0.000000 0.000000 7.500000
    vertex 0.000000 0.000000 7.500000
  endloop
endfacet
facet normal 0.042978 0.103758 0.993674
  outer loop
    vertex 0.757668 1.487007 7.311959
    vertex 0.515721 1.587225 7.311959
    vertex 0.000000 0.000000 7.500000
  endloop
endfacet
facet normal 0.000000 1.000000 0.000000
  outer loop
    vertex 0.757668 1.487007 7.311959
    vertex 0.000000 0.000000 7.500000
    vertex 0.000000 0.000000 7.500000
  endloop
endfacet
facet normal 0.026217 0.109203 0.993674
  outer loop
    vertex 0.515721 1.587225 7.311959
    vertex 0.261075 1.648360 7.311959
    vertex 0.000000 0.000000 7.500000
  endloop
endfacet
facet normal 0.000000 0.000000 0.000000
  outer loop
    vertex 0.515721 1.587225 7.311959
    vertex 0.000000 0.000000 7.500000
    vertex 0.000000 0.000000 7.500000
  endloop
endfacet
facet normal 0.008811 0.111960 0.993674
  outer loop
    vertex 0.261075 1.648360 7.311959
    vertex 0.000000 1.668907 7.311959
    vertex 0.000000 0.000000 7.500000
  endloop
endfacet
facet normal 0.000000 0.124035 0.992278
  outer loop
    vertex 0.261075 1.648360 7.311959
    vertex 0.000000 0.000000 7.500000
    vertex 0.000000 0.000000 7.500000
  endloop
endfacet
facet normal -0.008811 0.111960 0.993674
  outer loop
    vertex 0.000000 1.668907 7.311959
    vertex -0.261075 1.648360 7.311959
    vertex -0.000000 0.000000 7.500000
  endloop
endfacet
facet normal 0.000000 0.111964 0.993712
  outer loop
    vertex 0.000000 1.668907 7.311959
    vertex -0.000000 0.000000 7.500000
    vertex 0.000000 0.000000 7.500000
  endloop
endfacet
facet normal -0.026217 0.109203 0.993674
  outer loop
    vertex -0.261075 1.648360 7.311959
    vertex -0.515721 1.587225 7.311959
    vertex -0.000000 0.000000 7.500000
  endloop
endfacet
facet normal 0.000000 0.093341 0.995634
  outer loop
    vertex -0.261075 1.648360 7.311959
    vertex -0.000000 0.000000 7.500000
    vertex -0.000000 0.000000 7.500000
  endloop
endfacet
facet normal -0.042978 0.103758 0.993674
  outer loop
    vertex -0.515721 1.587225 7.311959
    vertex -0.757668 1.487007 7.311959
    vertex -0.000000 0.000000 7.500000
  endloop
endfacet
facet normal 0.000000 0.124035 0.992278
  outer loop
    vertex -0.515721 1.587225 7.311959
    vertex -0.000000 0.000000 7.500000
    vertex -0.000000 0.000000 7.500000
  endloop
endfacet
facet normal -0.058680 0.095757 0.993674
  outer loop
    vertex -0.757668 1.487007 7.311959
    vertex -0.980959 1.350174 7.311959
    vertex -0.000000 0.000000 7.500000
  endloop
endfacet
facet normal 0.000000 0.000000 0.000000
  outer loop
    vertex -0.757668 1.487007 7.311959
    vertex -0.000000 0.000000 7.500000
    vertex -0.000000 0.000000 7.500000
  endloop
endfacet
facet normal -0.072937 0.085398 0.993674
  outer loop
    vertex -0.980959 1.350174 7.311959
    vertex -1.180095 1.180095 7.311959
    vertex -0.000000 0.000000 7.500000
  endloop
endfacet
facet normal 0.000000 0.062378 0.998053
  outer loop
    vertex -0.980959 1.350174 7.311959
    vertex -0.000000 0.000000 7.500000
    vertex -0.000000 0.000000 7.500000
  endloop
endfacet
facet normal -0.085398 0.072937 0.993674
  outer loop
    vertex -1.180095 1.180095 7.311959
    vertex -1.350174 0.980959 7.311959
    vertex -0.000000 0.000000 7.500000
  endloop
endfacet
facet normal 0.000000 0.242536 0.970143
  outer loop
    vertex -1.180095 1.180095 7.311959
    vertex -0.000000 0.000000 7.500000
    vertex -0.000000 0.000000 7.500000
  endloop
endfacet
facet normal -0.095757 0.058680 0.993674
  outer loop
    vertex -1.350174 0.980959 7.311959
    vertex -1.487007 0.757668 7.311959
    vertex -0.000000 0.000000 7.500000
  endloop
endfacet
facet normal 0.000000 0.000000 0.000000
  outer loop
    vertex -1.350174 0.980959 7.311959
    vertex -0.000000 0.000000 7.500000
    vertex -0.000000 0.000000 7.500000
  endloop
endfacet
facet normal -0.103758 0.042978 0.993674
  outer loop
    vertex -1.487007 0.757668 7.311959
    vertex -1.587225 0.515721 7.311959
    vertex -0.000000 0.000000 7.500000
  endloop
endfacet
facet normal -0.124035 0.000000 0.992278
  outer loop
    vertex -1.487007 0.757668 7.311959
    vertex -0.000000 0.000000 7.500000
    vertex -0.000000 0.000000 7.500000
  endloop
endfacet
facet normal -0.109203 0.026217 0.993674
  outer loop
    vertex -1.587225 0.515721 7.311959
    vertex -1.648360 0.261075 7.311959
    vertex -0.000000 0.000000 7.500000
  endloop
endfacet
facet normal 0.000000 0.000000 0.000000
  outer loop
    vertex -1.587225 0.515721 7.311959
    vertex -0.000000 0.000000 7.500000
    vertex -0.000000 0.000000 7.500000
  endloop
endfacet
facet normal -0.111960 0.008811 0.993674
  outer loop
    vertex -1.648360 0.261075 7.311959
    vertex -1.668907 0.000000 7.311959
    vertex -0.000000 0.000000 7.500000
  endloop
endfacet
facet normal -0.124035 0.000000 0.992278
  outer loop
    vertex -1.648360 0.261075 7.311959
    vertex -0.000000 0.000000 7.500000
    vertex -0.000000 0.000000 7.500000
  endloop
endfacet
facet normal -0.111960 -0.008811 0.993674
  outer loop
    vertex -1.668907 0.000000 7.311959
    vertex -1.648360 -0.261075 7.311959
    vertex -0.000000 -0.000000 7.500000
  endloop
endfacet
facet normal -0.111964 0.000000 0.993712
  outer loop
    vertex -1.668907 0.000000 7.311959
    vertex -0.000000 -0.000000 7.500000
    vertex -0.000000 0.000000 7.500000
  endloop
endfacet
facet normal -0.109203 -0.026217 0.993674
  outer loop
    vertex -1.648360 -0.261075 7.311959
    vertex -1.587225 -0.515721 7.311959
    vertex -0.000000 -0.000000 7.500000
  endloop
endfacet
facet normal -0.124035 0.000000 0.992278
  outer loop
    vertex -1.648360 -0.261075 7.311959
    vertex -0.000000 -0.000000 7.500000
    vertex -0.000000 -0.000000 7.500000
  endloop
endfacet
facet normal -0.103758 -0.042978 0.993674
  outer loop
    vertex -1.587225 -0.515721 7.311959
    vertex -1.487007 -0.757668 7.311959
    vertex -0.000000 -0.000000 7.500000
  endloop
endfacet
facet normal -0.062378 0.000000 0.998053
  outer loop
    vertex -1.587225 -0.515721 7.311959
    vertex -0.000000 -0.000000 7.500000
    vertex -0.000000 -0.000000 7.500000
  endloop
endfacet
facet normal -0.095757 -0.058680 0.993674
  outer loop
    vertex -1.487007 -0.757668 7.311959
    vertex -1.350174 -0.980959 7.311959
    vertex -0.000000 -0.000000 7.500000
  endloop
endfacet
facet normal 0.000000 0.000000 0.000000
  outer loop
    vertex -1.487007 -0.757668 7.311959
    vertex -0.000000 -0.000000 7.500000
    vertex -0.000000 -0.000000 7.500000
  endloop
endfacet
facet normal -0.085398 -0.072937 0.993674
  outer loop
    vertex -1.350174 -0.980959 7.311959
    vertex -1.180095 -1.180095 7.311959
    vertex -0.000000 -0.000000 7.500000
  endloop
endfacet
facet normal -0.062378 0.000000 0.998053
  outer loop
    vertex -1.350174 -0.980959 7.311959
    vertex -0.000000 -0.000000 7.500000
    vertex -0.000000 -0.000000 7.500000
  endloop
endfacet
facet normal -0.072937 -0.085398 0.993674
  outer loop
    vertex -1.180095 -1.180095 7.311959
    vertex -0.980959 -1.350174 7.311959
    vertex -0.000000 -0.000000 7.500000
  endloop
endfacet
facet normal -0.242536 0.000000 0.970143
  outer loop
    vertex -1.180095 -1.180095 7.311959
    vertex -0.000000 -0.000000 7.500000
    vertex -0.000000 -0.000000 7.500000
  endloop
endfacet
facet normal -0.058680 -0.095757 0.993674
  outer loop
    vertex -0.980959 -1.350174 7.311959
    vertex -0.757668 -1.487007 7.311959
    vertex -0.000000 -0.000000 7.500000
  endloop
endfacet
facet normal 0.000000 0.000000 0.000000
  outer loop
    vertex -0.980959 -1.350174 7.311959
    vertex -0.000000 -0.000000 7.500000
    vertex -0.000000 -0.000000 7.500000
  endloop
endfacet
facet normal -0.042978 -0.103758 0.993674
  outer loop
    vertex -0.757668 -1.487007 7.311959
    vertex -0.515721 -1.587225 7.311959
    vertex -0.000000 -0.000000 7.500000
  endloop
endfacet
facet normal 0.000000 -0.124035 0.992278
  outer loop
    vertex -0.757668 -1.487007 7.311959
    vertex -0.000000 -0.000000 7.500000
    vertex -0.000000 -0.000000 7.500000
  endloop
endfacet
facet normal -0.026217 -0.109203 0.993674
  outer loop
    vertex -0.515721 -1.587225 7.311959
    vertex -0.261075 -1.648360 7.311959
    vertex -0.000000 -0.000000 7.500000
  endloop
endfacet
facet normal 0.000000 0.000000 0.000000
  outer loop
    vertex -0.515721 -1.587225 7.311959
    vertex -0.000000 -0.000000 7.500000
    vertex -0.000000 -0.000000 7.500000
  endloop
endfacet
facet normal -0.008811 -0.111960 0.993674
  outer loop
    vertex -0.261075 -1.648360 7.311959
    vertex -0.000000 -1.668907 7.311959
    vertex -0.000000 -0.000000 7.500000
  endloop
endfacet
facet normal 0.000000 -0.062378 0.998053
  outer loop
    vertex -0.261075 -1.648360 7.311959
    vertex -0.000000 -0.000000 7.500000
    vertex -0.000000 -0.000000 7.500000
  endloop
endfacet
facet normal 0.008811 -0.111960 0.993674
  outer loop
    vertex -0.000000 -1.668907 7.311959
    vertex 0.261075 -1.648360 7.311959
    vertex 0.000000 -0.000000 7.500000
  endloop
endfacet
facet normal 0.000000 -0.111964 0.993712
  outer loop
    vertex -0.000000 -1.668907 7.311959
    vertex 0.000000 -0.000000 7.500000
    vertex -0.000000 -0.000000 7.500000
  endloop
endfacet
facet normal 0.026217 -0.109203 0.993674
  outer loop
    vertex 0.261075 -1.648360 7.311959
    vertex 0.515721 -1.587225 7.311959
    vertex 0.000000 -0.000000 7.500000
  endloop
endfacet
facet normal 0.000000 -0.093341 0.995634
  outer loop
    vertex 0.261075 -1.648360 7.311959
    vertex 0.000000 -0.000000 7.500000
    vertex 0.000000 -0.000000 7.500000
  endloop
endfacet
facet normal 0.042978 -0.103758 0.993674
  outer loop
    vertex 0.515721 -1.587225 7.311959
    vertex 0.757668 -1.487007 7.311959
    vertex 0.000000 -0.000000 7.500000
  endloop
endfacet
facet normal 0.000000 -0.124035 0.992278
  outer loop
    vertex 0.515721 -1.587225 7.311959
    vertex 0.000000 -0.000000 7.500000
    vertex 0.000000 -0.000000 7.500000
  endloop
endfacet
facet normal 0.058680 -0.095757 0.993674
  outer loop
    vertex 0.757668 -1.487007 7.311959
    vertex 0.980959 -1.350174 7.311959
    vertex 0.000000 -0.000000 7.500000
  endloop
endfacet
facet normal 0.000000 0.000000 0.000000
  outer loop
    vertex 0.757668 -1.487007 7.311959
    vertex 0.000000 -0.000000 7.500000
    vertex 0.000000 -0.000000 7.500000
  endloop
endfacet
facet normal 0.072937 -0.085398 0.993674
  outer loop
    vertex 0.980959 -1.350174 7.311959
    vertex 1.180095 -1.180095 7.311959
    vertex 0.000000 -0.000000 7.500000
  endloop
endfacet
facet normal 0.000000 -0.124035 0.992278
  outer loop
    vertex 0.980959 -1.350174 7.311959
    vertex 0.000000 -0.000000 7.500000
    vertex 0.000000 -0.000000 7.500000
  endloop
endfacet
facet normal 0.085398 -0.072937 0.993674
  outer loop
    vertex 1.180095 -1.180095 7.311959
    vertex 1.350174 -0.980959 7.311959
    vertex 0.000000 -0.000000 7.500000
  endloop
endfacet
facet normal 0.000000 -0.242536 0.970143
  outer loop
    vertex 1.180095 -1.180095 7.311959
    vertex 0.000000 -0.000000 7.500000
    vertex 0.000000 -0.000000 7.500000
  endloop
endfacet
facet normal 0.095757 -0.058680 0.993674
  outer loop
    vertex 1.350174 -0.980959 7.311959
    vertex 1.487007 -0.757668 7.311959
    vertex 0.000000 -0.000000 7.500000
  endloop
endfacet
facet normal 0.000000 0.000000 0.000000
  outer loop
    vertex 1.350174 -0.980959 7.311959
    vertex 0.000000 -0.000000 7.500000
    vertex 0.000000 -0.000000 7.500000
  endloop
endfacet
facet normal 0.103758 -0.042978 0.993674
  outer loop
    vertex 1.487007 -0.757668 7.311959
    vertex 1.587225 -0.515721 7.311959
    vertex 0.000000 -0.000000 7.500000
  endloop
endfacet
facet normal 0.124035 0.000000 0.992278
  outer loop
    vertex 1.487007 -0.757668 7.311959
    vertex 0.000000 -0.000000 7.500000
    vertex 0.000000 -0.000000 7.500000
  endloop
endfacet
facet normal 0.109203 -0.026217 0.993674
  outer loop
    vertex 1.587225 -0.515721 7.311959
    vertex 1.648360 -0.261075 7.311959
    vertex 0.000000 -0.000000 7.500000
  endloop
endfacet
facet normal 0.000000 0.000000 0.000000
  outer loop
    vertex 1.587225 -0.515721 7.311959
    vertex 0.000000 -0.000000 7.500000
    vertex 0.000000 -0.000000 7.500000
  endloop
endfacet
facet normal 0.111960 -0.008811 0.993674
  outer loop
    vertex 1.648360 -0.261075 7.311959
    vertex 1.668907 0.000000 7.311959
    vertex 0.000000 0.000000 7.500000
  endloop
endfacet
facet normal 0.124035 0.000000 0.992278
  outer loop
    vertex 1.648360 -0.261075 7.311959
    vertex 0.000000 0.000000 7.500000
    vertex 0.000000 -0.000000 7.500000
  endloop
endfacet
endsolid joint